CODIGO__MUESTRA,CO_2115,EPA,epa_minus_colombia,epa_stricter_flag,colombia_only_acceptable
11284,46.43,0.0,-46.43,0,0
11285,54.08,53.71,-0.36999999999999744,0,0
11289,86.66,87.17,0.5100000000000051,1,0
11291,55.24,55.1,-0.14000000000000057,0,0
11292,54.76,54.54,-0.21999999999999886,0,0
11294,56.64,56.63,-0.00999999999999801,0,0
11297,57.0,57.0,0.0,0,0
11298,56.87,56.87,0.0,0,0
11299,55.24,55.1,-0.14000000000000057,0,0
11300,56.84,56.84,0.0,0,0
11301,56.08,56.04,-0.03999999999999915,0,0
11302,55.15,55.0,-0.14999999999999858,0,0
11316,47.62,42.85,-4.769999999999996,0,0
11317,45.86,0.0,-45.86,0,0
11319,44.9,0.0,-44.9,0,0
11320,56.87,56.86,-0.00999999999999801,0,0
11321,56.9,56.9,0.0,0,0
11323,52.1,51.02,-1.0799999999999983,0,0
11327,54.88,54.69,-0.19000000000000483,0,0
11329,50.55,48.57,-1.9799999999999969,0,0
11330,53.57,53.06,-0.509999999999998,0,0
11331,44.54,0.0,-44.54,0,0
11332,54.46,54.18,-0.28000000000000114,0,0
11333,55.76,55.69,-0.07000000000000028,0,0
11353,55.84,55.78,-0.060000000000002274,0,0
11354,45.71,0.0,-45.71,0,0
11356,53.25,52.63,-0.6199999999999974,0,0
11357,56.91,56.9,-0.00999999999999801,0,0
11358,56.36,56.34,-0.01999999999999602,0,0
11363,48.4,44.54,-3.8599999999999994,0,0
11364,42.1,0.0,-42.1,0,0
11366,56.77,56.76,-0.010000000000005116,0,0
11380,57.13,57.13,0.0,0,0
11381,52.38,51.43,-0.9500000000000028,0,0
11383,55.86,55.8,-0.060000000000002274,0,0
11384,51.02,49.35,-1.6700000000000017,0,0
11385,83.43,82.0,-1.4300000000000068,0,0
11386,56.84,56.83,-0.010000000000005116,0,0
11387,55.15,55.0,-0.14999999999999858,0,0
11388,56.01,55.97,-0.03999999999999915,0,0
11389,55.32,55.19,-0.13000000000000256,0,0
11392,56.87,56.87,0.0,0,0
11393,57.09,57.09,0.0,0,0
11395,56.82,56.82,0.0,0,0
11396,57.04,57.03,-0.00999999999999801,0,0
11398,56.8,56.8,0.0,0,0
11403,98.54,98.5,-0.04000000000000625,0,0
11405,54.38,54.08,-0.30000000000000426,0,0
11406,53.71,53.25,-0.46000000000000085,0,0
11408,52.1,51.02,-1.0799999999999983,0,0
11410,85.74,85.34,-0.3999999999999915,0,0
11439,55.36,55.24,-0.11999999999999744,0,0
11447,56.99,56.99,0.0,0,0
11448,56.99,56.99,0.0,0,0
11449,56.88,56.88,0.0,0,0
11456,85.82,85.07,-0.75,0,0
11458,88.79,88.7,-0.09000000000000341,0,0
11464,0.0,0.0,0.0,0,0
11465,56.87,56.86,-0.00999999999999801,0,0
11482,56.31,56.28,-0.030000000000001137,0,0
11483,57.0,57.0,0.0,0,0
11491,86.72,86.7,-0.01999999999999602,0,0
11493,86.8,86.57,-0.23000000000000398,0,0
11501,54.94,54.76,-0.17999999999999972,0,0
11502,56.3,56.28,-0.01999999999999602,0,0
11503,56.91,56.91,0.0,0,0
11504,97.41,97.27,-0.14000000000000057,0,0
11510,56.46,56.44,-0.020000000000003126,0,0
11537,53.06,52.38,-0.6799999999999997,0,0
11538,49.13,46.01,-3.1200000000000045,0,0
11539,50.55,48.57,-1.9799999999999969,0,0
11540,54.76,84.85,30.089999999999996,1,0
11544,56.26,56.23,-0.030000000000001137,0,0
11545,86.91,86.91,0.0,0,0
11546,87.77,87.77,0.0,0,0
11547,87.59,87.59,0.0,0,0
11563,52.86,52.1,-0.759999999999998,0,0
11564,77.23,71.89,-5.340000000000003,0,0
11565,50.55,48.57,-1.9799999999999969,0,0
11566,48.48,44.72,-3.759999999999998,0,0
11567,45.07,0.0,-45.07,0,0
11568,99.43,99.42,-0.010000000000005116,0,0
11578,57.08,57.08,0.0,0,0
11579,56.85,56.85,0.0,0,0
11581,82.95,74.14,-8.810000000000002,0,0
11582,95.95,95.59,-0.35999999999999943,0,0
11583,56.76,56.75,-0.00999999999999801,0,0
11591,98.78,98.75,-0.030000000000001137,0,0
11618,56.7,56.69,-0.010000000000005116,0,0
11619,55.84,55.78,-0.060000000000002274,0,0
11623,80.38,75.74,-4.640000000000001,0,0
11706,57.03,57.03,0.0,0,0
11715,47.06,41.56,-5.5,0,0
11716,85.09,85.56,0.46999999999999886,1,0
11717,55.36,55.24,-0.11999999999999744,0,0
11718,53.97,53.57,-0.3999999999999986,0,0
11719,54.69,54.46,-0.22999999999999687,0,0
11726,51.02,49.35,-1.6700000000000017,0,0
11727,0.0,0.0,0.0,0,0
11728,54.62,54.38,-0.23999999999999488,0,0
11739,56.86,56.86,0.0,0,0
11740,73.36,32.09,-41.269999999999996,0,0
11742,56.38,56.36,-0.020000000000003126,0,0
11744,56.82,56.81,-0.00999999999999801,0,0
11746,57.01,57.01,0.0,0,0
11747,57.05,57.05,0.0,0,0
11748,57.05,57.05,0.0,0,0
11749,56.9,56.9,0.0,0,0
11750,56.58,56.57,-0.00999999999999801,0,0
11751,56.91,56.91,0.0,0,0
11755,53.41,52.86,-0.5499999999999972,0,0
11797,56.91,56.91,0.0,0,0
11798,56.99,56.99,0.0,0,0
11799,56.91,56.91,0.0,0,0
11895,55.43,55.32,-0.10999999999999943,0,0
11896,55.39,55.28,-0.10999999999999943,0,0
11904,56.79,56.78,-0.00999999999999801,0,0
11905,56.99,56.99,0.0,0,0
11924,86.57,86.51,-0.05999999999998806,0,0
11925,56.58,56.57,-0.00999999999999801,0,0
11954,56.31,56.28,-0.030000000000001137,0,0
11955,45.86,0.0,-45.86,0,0
11956,48.74,45.24,-3.5,0,0
11957,56.82,56.81,-0.00999999999999801,0,0
11958,52.63,51.78,-0.8500000000000014,0,0
11983,55.98,55.93,-0.04999999999999716,0,0
11998,54.94,54.76,-0.17999999999999972,0,0
11999,57.06,57.06,0.0,0,0
12000,56.64,56.64,0.0,0,0
12001,57.03,57.03,0.0,0,0
12002,52.63,51.78,-0.8500000000000014,0,0
12010,0.0,30.47,30.47,1,1
12011,56.26,56.23,-0.030000000000001137,0,0
12015,56.97,56.97,0.0,0,0
12016,53.25,52.63,-0.6199999999999974,0,0
12017,55.52,55.43,-0.09000000000000341,0,0
12018,55.43,55.32,-0.10999999999999943,0,0
12019,53.84,53.41,-0.4300000000000068,0,0
12025,49.2,46.15,-3.0500000000000043,0,0
12026,55.1,54.94,-0.1600000000000037,0,0
12029,53.97,53.57,-0.3999999999999986,0,0
12045,56.17,56.13,-0.03999999999999915,0,0
12061,56.18,56.14,-0.03999999999999915,0,0
12062,85.78,85.38,-0.4000000000000057,0,0
12073,55.05,54.88,-0.1699999999999946,0,0
12081,56.82,56.81,-0.00999999999999801,0,0
12082,55.58,55.49,-0.0899999999999963,0,0
12087,51.02,49.35,-1.6700000000000017,0,0
12088,56.06,56.01,-0.05000000000000426,0,0
12089,87.58,87.45,-0.12999999999999545,0,0
12090,82.9,80.32,-2.5800000000000125,0,0
12091,82.3,81.07,-1.230000000000004,0,0
12092,53.06,52.38,-0.6799999999999997,0,0
12093,55.1,54.94,-0.1600000000000037,0,0
12094,51.43,50.0,-1.4299999999999997,0,0
12095,51.43,50.0,-1.4299999999999997,0,0
12096,51.02,49.35,-1.6700000000000017,0,0
12097,55.55,55.46,-0.0899999999999963,0,0
12100,55.74,55.66,-0.0800000000000054,0,0
12101,56.28,56.26,-0.020000000000003126,0,0
12102,56.67,56.67,0.0,0,0
12103,54.94,54.76,-0.17999999999999972,0,0
12105,56.44,56.43,-0.00999999999999801,0,0
12107,55.24,55.1,-0.14000000000000057,0,0
12108,56.07,56.03,-0.03999999999999915,0,0
12109,56.67,56.67,0.0,0,0
12110,54.88,54.69,-0.19000000000000483,0,0
12111,54.76,54.54,-0.21999999999999886,0,0
12112,51.78,50.55,-1.230000000000004,0,0
12129,54.54,54.28,-0.259999999999998,0,0
12131,53.41,52.86,-0.5499999999999972,0,0
12134,73.86,30.78,-43.08,0,0
12136,51.02,49.35,-1.6700000000000017,0,0
12138,55.93,55.88,-0.04999999999999716,0,0
12139,87.54,87.52,-0.020000000000010232,0,0
12147,54.69,54.46,-0.22999999999999687,0,0
12148,45.56,0.0,-45.56,0,0
12149,57.01,57.01,0.0,0,0
12150,42.36,0.0,-42.36,0,0
12152,82.57,80.19,-2.3799999999999955,0,0
12155,55.39,55.28,-0.10999999999999943,0,0
12156,53.71,53.25,-0.46000000000000085,0,0
12164,53.57,53.06,-0.509999999999998,0,0
12165,30.15,30.15,0.0,0,0
12166,49.2,76.23,27.03,1,0
12167,53.06,52.38,-0.6799999999999997,0,0
12168,52.63,51.78,-0.8500000000000014,0,0
12169,55.64,55.55,-0.09000000000000341,0,0
12170,56.92,56.92,0.0,0,0
12171,44.9,0.0,-44.9,0,0
12172,53.41,52.86,-0.5499999999999972,0,0
12183,57.06,57.06,0.0,0,0
12209,57.04,57.04,0.0,0,0
12210,0.0,0.0,0.0,0,0
12211,0.0,0.0,0.0,0,0
12212,0.0,0.0,0.0,0,0
12213,0.0,0.0,0.0,0,0
12214,56.96,56.95,-0.00999999999999801,0,0
12215,56.97,56.97,0.0,0,0
12216,0.0,0.0,0.0,0,0
12217,56.96,56.96,0.0,0,0
12218,0.0,0.0,0.0,0,0
12219,0.0,0.0,0.0,0,0
12220,56.99,56.99,0.0,0,0
12230,56.64,56.63,-0.00999999999999801,0,0
12231,50.44,48.4,-2.039999999999999,0,0
12251,54.46,54.18,-0.28000000000000114,0,0
12252,56.18,56.14,-0.03999999999999915,0,0
12257,56.44,56.43,-0.00999999999999801,0,0
12292,0.0,0.0,0.0,0,0
12293,0.0,0.0,0.0,0,0
12294,0.0,0.0,0.0,0,0
12304,56.76,56.75,-0.00999999999999801,0,0
12305,56.61,56.61,0.0,0,0
12348,52.1,51.02,-1.0799999999999983,0,0
12369,0.0,0.0,0.0,0,0
12370,0.0,0.0,0.0,0,0
12371,0.0,0.0,0.0,0,0
12372,56.13,56.1,-0.030000000000001137,0,0
12373,46.81,40.97,-5.840000000000003,0,0
12375,86.94,86.94,0.0,0,0
12376,87.01,87.0,-0.010000000000005116,0,0
12377,56.83,56.82,-0.00999999999999801,0,0
12378,57.12,57.12,0.0,0,0
12379,54.76,54.54,-0.21999999999999886,0,0
12380,52.63,51.78,-0.8500000000000014,0,0
12407,74.49,74.49,0.0,0,0
12409,57.06,57.06,0.0,0,0
12410,56.97,56.97,0.0,0,0
12411,57.01,57.01,0.0,0,0
12412,56.96,56.96,0.0,0,0
12413,57.09,57.09,0.0,0,0
12445,56.8,56.8,0.0,0,0
12446,56.85,56.85,0.0,0,0
12447,56.83,56.82,-0.00999999999999801,0,0
12448,55.19,55.05,-0.14000000000000057,0,0
12449,56.13,56.1,-0.030000000000001137,0,0
12469,82.83,81.75,-1.0799999999999983,0,0
12470,53.71,53.25,-0.46000000000000085,0,0
12471,56.95,56.95,0.0,0,0
12472,56.99,56.98,-0.010000000000005116,0,0
12488,56.79,56.78,-0.00999999999999801,0,0
12489,57.12,57.12,0.0,0,0
12491,56.86,56.86,0.0,0,0
12492,57.05,57.05,0.0,0,0
12493,88.65,88.65,0.0,0,0
12494,56.76,56.75,-0.00999999999999801,0,0
12500,96.25,95.95,-0.29999999999999716,0,0
12501,0.0,0.0,0.0,0,0
12502,56.58,56.57,-0.00999999999999801,0,0
12503,0.0,0.0,0.0,0,0
12515,56.64,56.64,0.0,0,0
12516,56.01,55.97,-0.03999999999999915,0,0
12537,84.46,84.14,-0.3199999999999932,0,0
12538,87.72,87.72,0.0,0,0
12565,56.38,56.36,-0.020000000000003126,0,0
12566,0.0,30.25,30.25,1,1
12569,56.97,56.97,0.0,0,0
12570,57.0,57.0,0.0,0,0
12571,55.32,55.19,-0.13000000000000256,0,0
12572,53.41,52.86,-0.5499999999999972,0,0
12573,55.9,55.84,-0.05999999999999517,0,0
12574,56.64,56.64,0.0,0,0
12575,56.14,56.11,-0.030000000000001137,0,0
12576,78.52,74.67,-3.8499999999999943,0,0
12577,54.28,84.72,30.439999999999998,1,0
12586,55.24,55.1,-0.14000000000000057,0,0
12587,56.64,56.64,0.0,0,0
12588,53.71,53.25,-0.46000000000000085,0,0
12589,57.06,57.06,0.0,0,0
12590,57.02,57.02,0.0,0,0
12596,56.86,56.86,0.0,0,0
12597,56.82,56.81,-0.00999999999999801,0,0
12598,56.76,56.75,-0.00999999999999801,0,0
12599,88.84,88.77,-0.07000000000000739,0,0
12600,55.82,55.76,-0.060000000000002274,0,0
12601,56.03,55.98,-0.05000000000000426,0,0
12602,84.82,84.58,-0.23999999999999488,0,0
12614,50.23,48.02,-2.2099999999999937,0,0
12615,44.9,0.0,-44.9,0,0
12616,56.19,56.16,-0.030000000000001137,0,0
12617,99.85,99.85,0.0,0,0
12618,98.03,97.94,-0.09000000000000341,0,0
12619,56.58,56.57,-0.00999999999999801,0,0
12621,56.94,56.94,0.0,0,0
12622,56.93,56.93,0.0,0,0
12623,56.88,56.88,0.0,0,0
12624,56.28,56.25,-0.030000000000001137,0,0
12625,57.04,57.04,0.0,0,0
12626,57.11,57.11,0.0,0,0
12627,57.09,57.09,0.0,0,0
12630,56.87,56.86,-0.00999999999999801,0,0
12631,55.88,55.82,-0.060000000000002274,0,0
12646,53.97,53.57,-0.3999999999999986,0,0
12647,57.09,57.09,0.0,0,0
12648,55.52,55.43,-0.09000000000000341,0,0
12649,56.91,56.9,-0.00999999999999801,0,0
12650,50.55,48.57,-1.9799999999999969,0,0
12662,79.83,77.25,-2.5799999999999983,0,0
12663,56.9,56.9,0.0,0,0
12664,57.04,57.04,0.0,0,0
12679,54.28,53.97,-0.3100000000000023,0,0
12680,55.46,55.36,-0.10000000000000142,0,0
12698,71.26,71.26,0.0,0,0
12735,56.06,56.01,-0.05000000000000426,0,0
12738,54.94,54.76,-0.17999999999999972,0,0
12745,49.49,46.69,-2.8000000000000043,0,0
12746,0.0,0.0,0.0,0,0
12747,0.0,0.0,0.0,0,0
12748,0.0,0.0,0.0,0,0
12749,0.0,0.0,0.0,0,0
12750,42.61,30.5,-12.11,0,0
12758,55.24,55.1,-0.14000000000000057,0,0
12759,57.07,57.07,0.0,0,0
12777,56.27,56.24,-0.030000000000001137,0,0
12790,86.84,86.61,-0.23000000000000398,0,0
12791,56.89,56.89,0.0,0,0
12792,54.62,54.38,-0.23999999999999488,0,0
12810,86.77,86.76,-0.009999999999990905,0,0
12814,56.14,56.11,-0.030000000000001137,0,0
12917,49.35,46.43,-2.9200000000000017,0,0
12918,54.08,53.71,-0.36999999999999744,0,0
12922,78.18,72.68,-5.5,0,0
12923,52.63,51.78,-0.8500000000000014,0,0
12924,85.83,85.59,-0.23999999999999488,0,0
12925,84.44,84.1,-0.3400000000000034,0,0
12926,54.38,54.08,-0.30000000000000426,0,0
12936,54.69,54.46,-0.22999999999999687,0,0
12938,56.87,56.86,-0.00999999999999801,0,0
12939,56.89,56.89,0.0,0,0
12943,55.36,55.24,-0.11999999999999744,0,0
12945,56.76,56.75,-0.00999999999999801,0,0
12947,57.01,57.01,0.0,0,0
12948,56.77,56.77,0.0,0,0
12949,56.92,56.92,0.0,0,0
12950,56.96,56.96,0.0,0,0
12951,56.85,56.85,0.0,0,0
12952,56.86,56.86,0.0,0,0
12955,56.99,56.99,0.0,0,0
12956,57.0,57.0,0.0,0,0
12957,53.57,53.06,-0.509999999999998,0,0
12959,56.96,56.96,0.0,0,0
12970,56.38,56.36,-0.020000000000003126,0,0
12977,54.08,53.71,-0.36999999999999744,0,0
12978,53.57,53.06,-0.509999999999998,0,0
12979,56.31,56.28,-0.030000000000001137,0,0
12980,56.76,56.75,-0.00999999999999801,0,0
12984,56.91,56.91,0.0,0,0
12985,56.7,56.69,-0.010000000000005116,0,0
12986,49.88,47.4,-2.480000000000004,0,0
12987,55.43,55.32,-0.10999999999999943,0,0
12995,51.43,50.0,-1.4299999999999997,0,0
12996,56.31,56.28,-0.030000000000001137,0,0
12997,0.0,30.5,30.5,1,1
12998,46.56,40.33,-6.230000000000004,0,0
13009,54.28,53.97,-0.3100000000000023,0,0
13010,53.41,52.86,-0.5499999999999972,0,0
13011,78.51,74.12,-4.390000000000001,0,0
13012,46.29,0.0,-46.29,0,0
13013,48.3,44.35,-3.9499999999999957,0,0
13014,45.24,0.0,-45.24,0,0
13015,86.87,86.7,-0.1700000000000017,0,0
13021,86.93,86.9,-0.030000000000001137,0,0
13022,87.65,87.58,-0.07000000000000739,0,0
13035,56.74,56.73,-0.010000000000005116,0,0
13047,79.46,76.47,-2.989999999999995,0,0
13048,0.0,0.0,0.0,0,0
13090,55.58,55.49,-0.0899999999999963,0,0
13091,53.57,53.06,-0.509999999999998,0,0
13092,86.27,86.23,-0.03999999999999204,0,0
13093,53.57,53.06,-0.509999999999998,0,0
13097,85.79,85.64,-0.15000000000000568,0,0
13099,56.67,56.67,0.0,0,0
13100,56.77,56.77,0.0,0,0
13101,56.9,56.9,0.0,0,0
13102,56.72,56.71,-0.00999999999999801,0,0
13103,55.32,55.19,-0.13000000000000256,0,0
13104,56.76,56.75,-0.00999999999999801,0,0
13105,55.24,55.1,-0.14000000000000057,0,0
13116,77.59,72.41,-5.180000000000007,0,0
13117,48.9,45.56,-3.3399999999999963,0,0
13118,41.56,0.0,-41.56,0,0
13123,80.46,77.83,-2.6299999999999955,0,0
13124,30.73,30.73,0.0,0,0
13139,56.88,56.87,-0.010000000000005116,0,0
13140,57.04,57.04,0.0,0,0
13141,57.02,57.02,0.0,0,0
13148,55.64,55.55,-0.09000000000000341,0,0
13149,55.88,55.82,-0.060000000000002274,0,0
13150,56.98,56.97,-0.00999999999999801,0,0
13154,56.67,56.67,0.0,0,0
13155,56.7,56.69,-0.010000000000005116,0,0
13156,56.91,56.9,-0.00999999999999801,0,0
13157,56.98,56.98,0.0,0,0
13176,54.08,53.71,-0.36999999999999744,0,0
13177,55.58,55.49,-0.0899999999999963,0,0
13188,56.88,56.87,-0.010000000000005116,0,0
13197,55.19,55.05,-0.14000000000000057,0,0
13198,56.5,56.48,-0.020000000000003126,0,0
13219,87.14,87.14,0.0,0,0
13220,88.31,88.31,0.0,0,0
13221,0.0,0.0,0.0,0,0
13232,55.43,55.32,-0.10999999999999943,0,0
13233,56.82,56.81,-0.00999999999999801,0,0
13255,56.74,56.73,-0.010000000000005116,0,0
13256,56.28,56.25,-0.030000000000001137,0,0
13267,57.02,57.02,0.0,0,0
13268,57.0,57.0,0.0,0,0
13270,54.94,54.76,-0.17999999999999972,0,0
13271,55.66,55.58,-0.0799999999999983,0,0
13272,83.68,82.6,-1.0800000000000125,0,0
13273,88.26,88.25,-0.010000000000005116,0,0
13284,57.02,57.02,0.0,0,0
13285,57.04,57.04,0.0,0,0
13286,87.23,86.97,-0.2600000000000051,0,0
13287,86.77,86.73,-0.03999999999999204,0,0
13288,84.36,83.99,-0.37000000000000455,0,0
13290,55.69,55.61,-0.0799999999999983,0,0
13298,86.86,86.85,-0.010000000000005116,0,0
13299,56.27,56.24,-0.030000000000001137,0,0
13300,53.25,52.63,-0.6199999999999974,0,0
13307,56.46,56.45,-0.00999999999999801,0,0
13308,83.29,82.61,-0.6800000000000068,0,0
13309,56.41,56.39,-0.01999999999999602,0,0
13310,56.99,56.99,0.0,0,0
13314,57.08,57.08,0.0,0,0
13315,56.72,56.71,-0.00999999999999801,0,0
13316,56.13,56.1,-0.030000000000001137,0,0
13321,56.88,56.87,-0.010000000000005116,0,0
13322,55.0,54.82,-0.17999999999999972,0,0
13327,56.38,56.36,-0.020000000000003126,0,0
13361,56.61,56.61,0.0,0,0
13387,56.96,56.96,0.0,0,0
13388,56.93,56.93,0.0,0,0
13389,57.05,57.05,0.0,0,0
13434,82.51,81.08,-1.4300000000000068,0,0
13435,53.71,53.25,-0.46000000000000085,0,0
13436,86.43,86.4,-0.030000000000001137,0,0
13437,56.14,56.11,-0.030000000000001137,0,0
13438,88.01,87.97,-0.04000000000000625,0,0
13439,56.04,56.0,-0.03999999999999915,0,0
13440,56.64,56.64,0.0,0,0
13441,56.79,56.78,-0.00999999999999801,0,0
13454,56.72,56.71,-0.00999999999999801,0,0
13456,55.52,55.43,-0.09000000000000341,0,0
13458,56.58,56.57,-0.00999999999999801,0,0
13459,57.0,57.0,0.0,0,0
13460,87.06,87.06,0.0,0,0
13461,86.77,86.76,-0.009999999999990905,0,0
13462,54.88,54.69,-0.19000000000000483,0,0
13463,86.46,86.4,-0.05999999999998806,0,0
13464,52.1,51.02,-1.0799999999999983,0,0
13467,55.43,55.32,-0.10999999999999943,0,0
13475,0.0,0.0,0.0,0,0
13482,56.96,56.95,-0.00999999999999801,0,0
13483,49.56,46.81,-2.75,0,0
13484,54.18,53.84,-0.3399999999999963,0,0
13488,85.55,85.38,-0.1700000000000017,0,0
13491,40.66,0.0,-40.66,0,0
13492,49.49,46.69,-2.8000000000000043,0,0
13493,55.58,55.49,-0.0899999999999963,0,0
13494,55.28,55.15,-0.13000000000000256,0,0
13495,55.05,54.88,-0.1699999999999946,0,0
13500,56.54,56.53,-0.00999999999999801,0,0
13501,56.17,56.13,-0.03999999999999915,0,0
13515,57.1,57.1,0.0,0,0
13516,57.04,57.04,0.0,0,0
13521,56.67,56.67,0.0,0,0
13522,56.7,56.69,-0.010000000000005116,0,0
13523,56.44,56.43,-0.00999999999999801,0,0
13532,55.84,55.78,-0.060000000000002274,0,0
13533,56.44,56.43,-0.00999999999999801,0,0
13534,55.43,55.32,-0.10999999999999943,0,0
13535,86.48,86.39,-0.09000000000000341,0,0
13536,56.84,56.83,-0.010000000000005116,0,0
13537,56.0,55.95,-0.04999999999999716,0,0
13541,86.9,86.88,-0.020000000000010232,0,0
13544,54.28,53.97,-0.3100000000000023,0,0
13545,56.08,56.04,-0.03999999999999915,0,0
13546,86.74,86.73,-0.009999999999990905,0,0
13553,52.1,51.02,-1.0799999999999983,0,0
13554,51.78,50.55,-1.230000000000004,0,0
13565,54.94,54.76,-0.17999999999999972,0,0
13570,56.64,56.64,0.0,0,0
13594,57.06,57.06,0.0,0,0
13595,89.2,89.19,-0.010000000000005116,0,0
13596,85.65,85.56,-0.09000000000000341,0,0
13600,48.48,44.72,-3.759999999999998,0,0
13601,56.0,55.95,-0.04999999999999716,0,0
13604,55.1,54.94,-0.1600000000000037,0,0
13607,30.2,30.2,0.0,0,0
13608,31.28,31.28,0.0,0,0
13609,53.71,53.25,-0.46000000000000085,0,0
13610,57.08,57.08,0.0,0,0
13611,56.58,56.57,-0.00999999999999801,0,0
13613,56.74,56.73,-0.010000000000005116,0,0
13615,86.39,86.36,-0.030000000000001137,0,0
13616,56.38,56.36,-0.020000000000003126,0,0
13617,56.64,56.64,0.0,0,0
13618,86.7,86.65,-0.04999999999999716,0,0
13619,76.61,31.21,-45.4,0,0
13620,87.3,87.3,0.0,0,0
13621,56.74,56.73,-0.010000000000005116,0,0
13622,53.41,52.86,-0.5499999999999972,0,0
13623,52.63,51.78,-0.8500000000000014,0,0
13624,52.86,52.1,-0.759999999999998,0,0
13625,55.15,85.98,30.830000000000005,1,0
13626,83.28,82.05,-1.230000000000004,0,0
13627,81.46,78.72,-2.739999999999995,0,0
13628,85.75,85.56,-0.18999999999999773,0,0
13629,48.98,45.71,-3.269999999999996,0,0
13630,52.86,52.1,-0.759999999999998,0,0
13634,56.79,56.78,-0.00999999999999801,0,0
13646,83.2,82.25,-0.9500000000000028,0,0
13647,51.78,50.55,-1.230000000000004,0,0
13648,50.55,48.57,-1.9799999999999969,0,0
13656,56.8,56.8,0.0,0,0
13658,56.86,56.86,0.0,0,0
13668,56.67,56.67,0.0,0,0
13671,85.6,85.5,-0.09999999999999432,0,0
13672,81.5,78.71,-2.7900000000000063,0,0
13673,56.91,56.91,0.0,0,0
13674,87.35,87.17,-0.1799999999999926,0,0
13675,89.02,89.02,0.0,0,0
13676,85.72,85.1,-0.6200000000000045,0,0
13693,86.64,86.57,-0.07000000000000739,0,0
13702,57.1,57.1,0.0,0,0
13703,77.14,71.64,-5.5,0,0
13704,50.44,48.4,-2.039999999999999,0,0
13705,80.96,77.0,-3.9599999999999937,0,0
13706,84.96,84.21,-0.75,0,0
13707,81.3,77.44,-3.8599999999999994,0,0
13714,54.69,54.46,-0.22999999999999687,0,0
13715,55.0,54.82,-0.17999999999999972,0,0
13726,86.36,86.33,-0.030000000000001137,0,0
13727,47.51,42.61,-4.899999999999999,0,0
13728,55.05,54.88,-0.1699999999999946,0,0
13736,46.94,41.27,-5.669999999999995,0,0
13739,91.18,89.29,-1.8900000000000006,0,0
13741,99.88,99.88,0.0,0,0
13742,99.5,99.5,0.0,0,0
13749,81.82,80.15,-1.6699999999999875,0,0
13750,56.82,56.81,-0.00999999999999801,0,0
13751,56.82,56.81,-0.00999999999999801,0,0
13752,56.67,56.67,0.0,0,0
13753,94.64,94.0,-0.6400000000000006,0,0
13760,51.02,49.35,-1.6700000000000017,0,0
13761,45.4,0.0,-45.4,0,0
13762,0.0,0.0,0.0,0,0
13763,98.67,98.64,-0.030000000000001137,0,0
13764,86.85,86.84,-0.009999999999990905,0,0
13769,55.64,55.55,-0.09000000000000341,0,0
13778,98.31,98.26,-0.04999999999999716,0,0
13779,55.36,55.24,-0.11999999999999744,0,0
13780,55.15,55.0,-0.14999999999999858,0,0
13786,49.88,47.4,-2.480000000000004,0,0
13787,54.38,54.08,-0.30000000000000426,0,0
13805,48.82,45.4,-3.4200000000000017,0,0
13806,85.53,86.42,0.8900000000000006,1,0
13807,54.82,54.62,-0.20000000000000284,0,0
13808,54.28,53.97,-0.3100000000000023,0,0
13809,54.82,54.62,-0.20000000000000284,0,0
13814,55.58,55.49,-0.0899999999999963,0,0
13816,55.78,55.71,-0.07000000000000028,0,0
13818,55.0,54.82,-0.17999999999999972,0,0
13819,55.1,54.94,-0.1600000000000037,0,0
13820,55.52,55.43,-0.09000000000000341,0,0
13821,56.11,56.07,-0.03999999999999915,0,0
13822,56.38,56.36,-0.020000000000003126,0,0
13823,55.82,55.76,-0.060000000000002274,0,0
13826,80.73,78.75,-1.980000000000004,0,0
13831,55.39,55.28,-0.10999999999999943,0,0
13837,80.73,78.75,-1.980000000000004,0,0
13838,87.17,87.16,-0.010000000000005116,0,0
13839,56.95,56.95,0.0,0,0
13840,44.15,0.0,-44.15,0,0
13844,56.74,56.73,-0.010000000000005116,0,0
13847,84.2,83.58,-0.6200000000000045,0,0
13848,0.0,0.0,0.0,0,0
13849,31.15,31.15,0.0,0,0
13850,52.1,51.02,-1.0799999999999983,0,0
13851,50.55,48.57,-1.9799999999999969,0,0
13853,56.74,56.73,-0.010000000000005116,0,0
13859,56.27,56.24,-0.030000000000001137,0,0
13860,56.31,56.28,-0.030000000000001137,0,0
13861,85.52,85.4,-0.11999999999999034,0,0
13862,54.69,54.46,-0.22999999999999687,0,0
13863,41.83,0.0,-41.83,0,0
13864,56.72,56.71,-0.00999999999999801,0,0
13865,50.34,48.21,-2.1300000000000026,0,0
13866,51.43,50.0,-1.4299999999999997,0,0
13867,55.15,55.0,-0.14999999999999858,0,0
13869,55.05,54.88,-0.1699999999999946,0,0
13870,54.08,53.71,-0.36999999999999744,0,0
13871,56.86,56.86,0.0,0,0
13873,56.17,56.13,-0.03999999999999915,0,0
13877,56.88,56.87,-0.010000000000005116,0,0
13878,56.74,56.73,-0.010000000000005116,0,0
13880,89.48,89.4,-0.0799999999999983,0,0
13882,56.08,56.04,-0.03999999999999915,0,0
13883,54.38,54.08,-0.30000000000000426,0,0
13884,45.4,0.0,-45.4,0,0
13885,54.38,54.08,-0.30000000000000426,0,0
13886,85.83,85.73,-0.09999999999999432,0,0
13887,47.17,41.83,-5.340000000000003,0,0
13888,53.71,53.25,-0.46000000000000085,0,0
13892,56.76,56.75,-0.00999999999999801,0,0
13900,56.64,56.64,0.0,0,0
13901,56.86,56.86,0.0,0,0
13907,56.91,56.9,-0.00999999999999801,0,0
13917,55.71,55.64,-0.07000000000000028,0,0
13930,56.5,56.48,-0.020000000000003126,0,0
13931,57.07,57.06,-0.00999999999999801,0,0
13944,0.0,0.0,0.0,0,0
13945,56.92,56.91,-0.010000000000005116,0,0
13950,56.88,56.87,-0.010000000000005116,0,0
13962,87.61,87.6,-0.010000000000005116,0,0
13963,56.98,56.97,-0.00999999999999801,0,0
13966,57.08,57.08,0.0,0,0
13967,54.94,54.76,-0.17999999999999972,0,0
13968,56.64,56.64,0.0,0,0
13970,56.58,56.57,-0.00999999999999801,0,0
13971,56.72,56.71,-0.00999999999999801,0,0
13972,55.78,55.71,-0.07000000000000028,0,0
13973,57.07,57.07,0.0,0,0
13974,56.77,56.77,0.0,0,0
13980,57.02,57.02,0.0,0,0
13993,48.4,44.54,-3.8599999999999994,0,0
13997,52.63,51.78,-0.8500000000000014,0,0
14006,51.78,50.55,-1.230000000000004,0,0
14014,56.5,56.48,-0.020000000000003126,0,0
14019,56.72,56.71,-0.00999999999999801,0,0
14020,87.0,87.0,0.0,0,0
14039,55.78,55.71,-0.07000000000000028,0,0
14040,57.1,57.1,0.0,0,0
14041,56.97,56.97,0.0,0,0
14042,56.08,56.04,-0.03999999999999915,0,0
14077,86.18,86.06,-0.12000000000000455,0,0
14092,86.59,86.5,-0.09000000000000341,0,0
14093,57.07,57.07,0.0,0,0
14094,57.05,57.05,0.0,0,0
14096,56.03,55.98,-0.05000000000000426,0,0
14097,57.1,57.1,0.0,0,0
14103,87.12,87.12,0.0,0,0
14104,55.97,55.92,-0.04999999999999716,0,0
14105,57.02,57.02,0.0,0,0
14106,54.69,54.46,-0.22999999999999687,0,0
14107,54.62,54.38,-0.23999999999999488,0,0
14108,87.29,87.29,0.0,0,0
14109,56.98,56.97,-0.00999999999999801,0,0
14110,57.0,57.0,0.0,0,0
14111,57.01,57.01,0.0,0,0
14112,55.43,55.32,-0.10999999999999943,0,0
14113,86.16,86.11,-0.04999999999999716,0,0
14131,56.92,56.91,-0.010000000000005116,0,0
14132,83.9,82.22,-1.6800000000000068,0,0
14133,85.4,85.06,-0.3400000000000034,0,0
14134,82.16,78.57,-3.5900000000000034,0,0
14135,55.0,54.82,-0.17999999999999972,0,0
14136,56.99,56.99,0.0,0,0
14146,85.87,85.51,-0.35999999999999943,0,0
14147,57.09,57.09,0.0,0,0
14148,56.88,56.87,-0.010000000000005116,0,0
14149,86.64,86.63,-0.010000000000005116,0,0
14150,56.91,56.91,0.0,0,0
14161,56.93,56.93,0.0,0,0
14162,56.94,56.94,0.0,0,0
14163,56.87,56.86,-0.00999999999999801,0,0
14164,81.0,78.87,-2.1299999999999955,0,0
14165,87.29,87.27,-0.020000000000010232,0,0
14166,56.22,56.19,-0.030000000000001137,0,0
14167,57.07,57.07,0.0,0,0
14168,85.5,85.35,-0.15000000000000568,0,0
14169,43.32,0.0,-43.32,0,0
14178,98.95,98.93,-0.01999999999999602,0,0
14179,95.71,95.31,-0.3999999999999915,0,0
14184,79.36,76.17,-3.1899999999999977,0,0
14185,52.38,51.43,-0.9500000000000028,0,0
14186,55.71,55.64,-0.07000000000000028,0,0
14187,53.84,53.41,-0.4300000000000068,0,0
14188,54.08,53.71,-0.36999999999999744,0,0
14189,82.6,81.17,-1.4299999999999926,0,0
14190,48.02,43.75,-4.270000000000003,0,0
14191,85.4,84.98,-0.4200000000000017,0,0
14192,84.59,84.08,-0.5100000000000051,0,0
14194,0.0,0.0,0.0,0,0
14195,74.01,31.91,-42.10000000000001,0,0
14196,86.46,86.44,-0.01999999999999602,0,0
14197,80.28,76.86,-3.4200000000000017,0,0
14198,56.41,56.4,-0.00999999999999801,0,0
14199,55.78,55.71,-0.07000000000000028,0,0
14201,56.12,56.08,-0.03999999999999915,0,0
14203,56.58,56.57,-0.00999999999999801,0,0
14204,56.94,56.94,0.0,0,0
14205,56.94,56.94,0.0,0,0
14206,56.44,56.43,-0.00999999999999801,0,0
14207,55.61,55.52,-0.0899999999999963,0,0
14208,56.44,56.43,-0.00999999999999801,0,0
14209,85.2,85.0,-0.20000000000000284,0,0
14210,87.39,87.35,-0.04000000000000625,0,0
14220,56.74,56.73,-0.010000000000005116,0,0
14222,56.88,56.87,-0.010000000000005116,0,0
14223,56.79,56.78,-0.00999999999999801,0,0
14224,56.8,56.8,0.0,0,0
14231,53.25,52.63,-0.6199999999999974,0,0
14234,84.58,84.18,-0.3999999999999915,0,0
14235,54.88,54.69,-0.19000000000000483,0,0
14237,56.61,56.61,0.0,0,0
14238,56.5,56.48,-0.020000000000003126,0,0
14239,57.06,57.06,0.0,0,0
14242,85.42,85.14,-0.28000000000000114,0,0
14243,56.61,56.61,0.0,0,0
14244,56.84,56.83,-0.010000000000005116,0,0
14245,56.8,56.8,0.0,0,0
14251,56.88,56.88,0.0,0,0
14292,81.2,78.91,-2.2900000000000063,0,0
14293,56.99,56.99,0.0,0,0
14294,56.54,56.53,-0.00999999999999801,0,0
14310,56.72,56.71,-0.00999999999999801,0,0
14314,56.67,56.67,0.0,0,0
14346,53.97,53.57,-0.3999999999999986,0,0
14347,45.24,0.0,-45.24,0,0
14348,54.88,54.69,-0.19000000000000483,0,0
14349,54.08,53.71,-0.36999999999999744,0,0
14350,84.1,83.7,-0.3999999999999915,0,0
14351,84.87,84.64,-0.23000000000000398,0,0
14352,56.89,56.89,0.0,0,0
14358,53.41,52.86,-0.5499999999999972,0,0
14359,45.24,0.0,-45.24,0,0
14364,82.56,73.21,-9.350000000000009,0,0
14365,50.55,48.57,-1.9799999999999969,0,0
14366,75.82,33.46,-42.35999999999999,0,0
14367,73.94,31.58,-42.36,0,0
14368,56.16,56.12,-0.03999999999999915,0,0
14370,56.13,56.1,-0.030000000000001137,0,0
14372,55.71,55.64,-0.07000000000000028,0,0
14373,55.64,55.55,-0.09000000000000341,0,0
14374,55.82,55.76,-0.060000000000002274,0,0
14375,56.12,56.08,-0.03999999999999915,0,0
14376,55.49,55.39,-0.10000000000000142,0,0
14377,50.55,48.57,-1.9799999999999969,0,0
14378,87.05,87.04,-0.009999999999990905,0,0
14380,56.54,56.53,-0.00999999999999801,0,0
14381,87.07,82.56,-4.509999999999991,0,0
14382,48.74,45.24,-3.5,0,0
14383,55.46,55.36,-0.10000000000000142,0,0
14384,53.41,52.86,-0.5499999999999972,0,0
14386,49.2,46.15,-3.0500000000000043,0,0
14387,55.24,55.1,-0.14000000000000057,0,0
14388,43.32,30.1,-13.219999999999999,0,0
14389,56.44,56.43,-0.00999999999999801,0,0
14390,51.78,50.55,-1.230000000000004,0,0
14391,56.77,56.77,0.0,0,0
14392,56.74,56.73,-0.010000000000005116,0,0
14393,99.02,99.0,-0.01999999999999602,0,0
14394,96.94,96.74,-0.20000000000000284,0,0
14395,0.0,0.0,0.0,0,0
14396,51.02,49.35,-1.6700000000000017,0,0
14400,56.07,56.03,-0.03999999999999915,0,0
14401,55.24,55.1,-0.14000000000000057,0,0
14417,48.02,43.75,-4.270000000000003,0,0
14421,56.5,56.48,-0.020000000000003126,0,0
14429,55.66,55.58,-0.0799999999999983,0,0
14430,56.16,56.12,-0.03999999999999915,0,0
14431,40.66,0.0,-40.66,0,0
14432,50.34,78.66,28.319999999999993,1,0
14433,52.86,52.1,-0.759999999999998,0,0
14434,51.78,50.55,-1.230000000000004,0,0
14435,55.39,55.28,-0.10999999999999943,0,0
14445,86.48,86.42,-0.060000000000002274,0,0
14446,80.74,77.88,-2.8599999999999994,0,0
14448,55.24,55.1,-0.14000000000000057,0,0
14452,55.8,55.74,-0.05999999999999517,0,0
14453,56.0,55.95,-0.04999999999999716,0,0
14454,48.4,44.54,-3.8599999999999994,0,0
14456,52.1,51.02,-1.0799999999999983,0,0
14457,54.38,54.08,-0.30000000000000426,0,0
14459,56.5,56.48,-0.020000000000003126,0,0
14462,45.24,0.0,-45.24,0,0
14466,53.84,53.41,-0.4300000000000068,0,0
14467,56.74,56.73,-0.010000000000005116,0,0
14472,56.67,56.67,0.0,0,0
14474,85.67,85.55,-0.12000000000000455,0,0
14480,56.9,56.9,0.0,0,0
14488,56.38,56.36,-0.020000000000003126,0,0
14497,56.8,56.8,0.0,0,0
14500,56.24,56.21,-0.030000000000001137,0,0
14501,56.18,56.14,-0.03999999999999915,0,0
14503,51.78,50.55,-1.230000000000004,0,0
14504,53.06,52.38,-0.6799999999999997,0,0
14505,52.38,51.43,-0.9500000000000028,0,0
14506,54.18,53.84,-0.3399999999999963,0,0
14514,56.67,56.67,0.0,0,0
14522,56.72,56.71,-0.00999999999999801,0,0
14528,83.71,81.73,-1.9799999999999898,0,0
14534,55.93,55.88,-0.04999999999999716,0,0
14535,86.64,86.63,-0.010000000000005116,0,0
14537,0.0,0.0,0.0,0,0
14538,88.06,87.88,-0.18000000000000682,0,0
14540,52.86,52.1,-0.759999999999998,0,0
14548,55.69,55.61,-0.0799999999999983,0,0
14549,47.4,42.36,-5.039999999999999,0,0
14550,47.72,43.09,-4.6299999999999955,0,0
14551,41.27,0.0,-41.27,0,0
14552,52.1,51.02,-1.0799999999999983,0,0
14553,46.43,0.0,-46.43,0,0
14554,51.43,50.0,-1.4299999999999997,0,0
14555,31.96,31.96,0.0,0,0
14556,53.06,52.38,-0.6799999999999997,0,0
14557,52.86,52.1,-0.759999999999998,0,0
14565,86.92,86.76,-0.1599999999999966,0,0
14569,46.56,40.33,-6.230000000000004,0,0
14577,40.66,0.0,-40.66,0,0
14580,55.55,55.46,-0.0899999999999963,0,0
14581,0.0,0.0,0.0,0,0
14582,86.62,86.6,-0.020000000000010232,0,0
14587,50.55,48.57,-1.9799999999999969,0,0
14599,53.97,53.57,-0.3999999999999986,0,0
14600,84.61,84.1,-0.5100000000000051,0,0
14604,86.54,86.51,-0.030000000000001137,0,0
14605,43.96,0.0,-43.96,0,0
14615,56.67,56.67,0.0,0,0
14622,86.08,86.01,-0.06999999999999318,0,0
14635,50.55,48.57,-1.9799999999999969,0,0
14636,45.86,0.0,-45.86,0,0
14637,52.1,51.02,-1.0799999999999983,0,0
14638,84.47,83.24,-1.230000000000004,0,0
14639,56.8,56.8,0.0,0,0
14640,56.58,56.57,-0.00999999999999801,0,0
14641,56.58,56.57,-0.00999999999999801,0,0
14647,47.4,42.36,-5.039999999999999,0,0
14648,95.95,95.59,-0.35999999999999943,0,0
14656,56.44,56.43,-0.00999999999999801,0,0
14661,86.97,86.95,-0.01999999999999602,0,0
14676,90.0,87.5,-2.5,0,0
14690,49.69,47.06,-2.6299999999999955,0,0
14691,51.78,50.55,-1.230000000000004,0,0
14714,51.43,50.0,-1.4299999999999997,0,0
14715,44.35,0.0,-44.35,0,0
14719,56.86,56.86,0.0,0,0
14720,99.54,99.53,-0.010000000000005116,0,0
14721,49.49,46.69,-2.8000000000000043,0,0
14727,99.33,99.32,-0.010000000000005116,0,0
14728,53.25,52.63,-0.6199999999999974,0,0
14729,56.58,56.57,-0.00999999999999801,0,0
14730,56.77,56.77,0.0,0,0
14731,56.61,56.61,0.0,0,0
14732,56.85,56.85,0.0,0,0
14733,56.8,56.8,0.0,0,0
14734,56.27,56.24,-0.030000000000001137,0,0
14735,51.43,50.0,-1.4299999999999997,0,0
14736,56.31,56.28,-0.030000000000001137,0,0
14737,0.0,0.0,0.0,0,0
14738,47.4,42.36,-5.039999999999999,0,0
14739,49.49,46.69,-2.8000000000000043,0,0
14740,98.87,98.84,-0.030000000000001137,0,0
14742,55.52,55.43,-0.09000000000000341,0,0
14743,55.0,54.82,-0.17999999999999972,0,0
14745,48.21,44.15,-4.060000000000002,0,0
14746,56.85,87.71,30.859999999999992,1,0
14747,56.92,56.91,-0.010000000000005116,0,0
14748,55.0,54.82,-0.17999999999999972,0,0
14750,56.85,56.85,0.0,0,0
14751,56.98,56.97,-0.00999999999999801,0,0
14773,45.86,0.0,-45.86,0,0
14774,52.1,51.02,-1.0799999999999983,0,0
14775,54.18,53.84,-0.3399999999999963,0,0
14781,83.59,80.79,-2.799999999999997,0,0
14791,46.81,40.97,-5.840000000000003,0,0
14792,48.21,44.15,-4.060000000000002,0,0
14793,54.54,54.28,-0.259999999999998,0,0
14794,52.38,51.43,-0.9500000000000028,0,0
14795,53.25,52.63,-0.6199999999999974,0,0
14796,52.86,52.1,-0.759999999999998,0,0
14797,87.56,87.56,0.0,0,0
14798,56.86,56.86,0.0,0,0
14799,84.11,83.6,-0.5100000000000051,0,0
14800,54.62,54.38,-0.23999999999999488,0,0
14801,54.46,54.18,-0.28000000000000114,0,0
14802,55.1,54.94,-0.1600000000000037,0,0
14803,83.11,82.43,-0.6799999999999926,0,0
14804,57.1,57.1,0.0,0,0
14805,56.96,56.96,0.0,0,0
14806,56.91,56.9,-0.00999999999999801,0,0
14811,88.22,88.22,0.0,0,0
14812,88.44,88.44,0.0,0,0
14813,57.01,57.01,0.0,0,0
14814,56.97,56.97,0.0,0,0
14816,55.61,55.52,-0.0899999999999963,0,0
14817,55.24,55.1,-0.14000000000000057,0,0
14819,57.1,57.1,0.0,0,0
14822,87.36,87.36,0.0,0,0
14823,86.57,86.52,-0.04999999999999716,0,0
14824,55.71,55.64,-0.07000000000000028,0,0
14825,52.63,51.78,-0.8500000000000014,0,0
14826,54.38,54.08,-0.30000000000000426,0,0
14832,55.43,55.32,-0.10999999999999943,0,0
14833,55.32,55.19,-0.13000000000000256,0,0
14836,57.09,57.09,0.0,0,0
14837,57.1,57.1,0.0,0,0
14838,56.96,56.96,0.0,0,0
14839,55.39,55.28,-0.10999999999999943,0,0
14840,56.54,56.53,-0.00999999999999801,0,0
14841,57.05,57.05,0.0,0,0
14842,54.69,54.46,-0.22999999999999687,0,0
14843,54.76,54.54,-0.21999999999999886,0,0
14844,56.79,56.78,-0.00999999999999801,0,0
14845,56.96,56.96,0.0,0,0
14846,87.79,87.79,0.0,0,0
14847,56.5,56.48,-0.020000000000003126,0,0
14848,84.74,84.52,-0.21999999999999886,0,0
14849,56.61,56.61,0.0,0,0
14853,85.81,85.66,-0.15000000000000568,0,0
14855,81.75,80.33,-1.4200000000000017,0,0
14856,87.49,87.48,-0.009999999999990905,0,0
14857,87.36,87.3,-0.060000000000002274,0,0
14858,54.28,53.97,-0.3100000000000023,0,0
14859,56.99,56.98,-0.010000000000005116,0,0
14861,54.28,53.97,-0.3100000000000023,0,0
14862,87.51,87.5,-0.010000000000005116,0,0
14863,56.87,56.86,-0.00999999999999801,0,0
14866,87.96,87.96,0.0,0,0
14867,86.14,86.09,-0.04999999999999716,0,0
14868,46.29,0.0,-46.29,0,0
14869,76.33,30.93,-45.4,0,0
14870,52.38,51.43,-0.9500000000000028,0,0
14871,54.54,54.28,-0.259999999999998,0,0
14872,53.06,52.38,-0.6799999999999997,0,0
14873,52.38,51.43,-0.9500000000000028,0,0
14874,56.58,56.57,-0.00999999999999801,0,0
14875,57.1,57.1,0.0,0,0
14876,88.05,88.04,-0.009999999999990905,0,0
14878,55.82,55.76,-0.060000000000002274,0,0
14880,56.12,56.08,-0.03999999999999915,0,0
14882,56.74,56.73,-0.010000000000005116,0,0
14883,55.64,55.55,-0.09000000000000341,0,0
14884,87.08,87.08,0.0,0,0
14885,56.5,56.48,-0.020000000000003126,0,0
14886,56.64,56.64,0.0,0,0
14924,87.27,87.26,-0.009999999999990905,0,0
14925,56.79,56.78,-0.00999999999999801,0,0
14926,56.79,56.78,-0.00999999999999801,0,0
14927,56.98,56.98,0.0,0,0
14928,56.97,56.97,0.0,0,0
14929,56.96,56.95,-0.00999999999999801,0,0
14931,99.74,99.74,0.0,0,0
14932,99.76,99.76,0.0,0,0
14933,99.76,99.76,0.0,0,0
14934,87.66,87.66,0.0,0,0
14935,56.29,56.27,-0.01999999999999602,0,0
14936,56.98,56.97,-0.00999999999999801,0,0
14938,51.78,50.55,-1.230000000000004,0,0
14939,84.94,84.65,-0.28999999999999204,0,0
14972,54.08,53.71,-0.36999999999999744,0,0
14973,55.05,54.88,-0.1699999999999946,0,0
14988,88.01,87.95,-0.060000000000002274,0,0
14989,84.75,84.41,-0.3400000000000034,0,0
14991,53.84,53.41,-0.4300000000000068,0,0
14995,56.08,56.04,-0.03999999999999915,0,0
14996,51.02,49.35,-1.6700000000000017,0,0
14997,56.44,56.43,-0.00999999999999801,0,0
14998,54.76,54.54,-0.21999999999999886,0,0
14999,56.92,56.91,-0.010000000000005116,0,0
15000,56.86,56.86,0.0,0,0
15001,56.98,56.97,-0.00999999999999801,0,0
15004,56.76,56.75,-0.00999999999999801,0,0
15005,56.79,56.78,-0.00999999999999801,0,0
15015,85.77,85.67,-0.09999999999999432,0,0
15016,87.54,87.53,-0.010000000000005116,0,0
15017,55.66,55.58,-0.0799999999999983,0,0
15018,57.05,57.05,0.0,0,0
15019,57.04,57.04,0.0,0,0
15032,56.92,56.91,-0.010000000000005116,0,0
15040,51.78,50.55,-1.230000000000004,0,0
15041,0.0,0.0,0.0,0,0
15059,55.61,55.52,-0.0899999999999963,0,0
15060,56.74,56.73,-0.010000000000005116,0,0
15061,87.26,87.15,-0.10999999999999943,0,0
15062,87.46,87.4,-0.05999999999998806,0,0
15063,86.1,85.35,-0.75,0,0
15064,57.11,57.11,0.0,0,0
15066,56.82,56.81,-0.00999999999999801,0,0
15067,56.38,56.36,-0.020000000000003126,0,0
15068,77.69,72.93,-4.759999999999991,0,0
15069,56.92,56.91,-0.010000000000005116,0,0
15070,53.41,52.86,-0.5499999999999972,0,0
15071,56.95,56.94,-0.010000000000005116,0,0
15072,55.15,55.0,-0.14999999999999858,0,0
15074,55.9,55.84,-0.05999999999999517,0,0
15075,56.67,56.67,0.0,0,0
15076,55.1,54.94,-0.1600000000000037,0,0
15077,73.45,30.59,-42.86,0,0
15078,44.9,0.0,-44.9,0,0
15079,85.08,84.79,-0.28999999999999204,0,0
15080,86.85,86.82,-0.030000000000001137,0,0
15081,84.76,84.44,-0.3200000000000074,0,0
15083,87.45,87.24,-0.21000000000000796,0,0
15084,55.28,55.15,-0.13000000000000256,0,0
15085,56.44,56.43,-0.00999999999999801,0,0
15086,55.98,55.93,-0.04999999999999716,0,0
15087,56.89,56.89,0.0,0,0
15088,52.38,51.43,-0.9500000000000028,0,0
15090,56.88,56.87,-0.010000000000005116,0,0
15091,57.04,57.04,0.0,0,0
15092,86.43,86.37,-0.060000000000002274,0,0
15093,56.28,56.25,-0.030000000000001137,0,0
15094,87.3,87.14,-0.1599999999999966,0,0
15095,53.25,52.63,-0.6199999999999974,0,0
15101,54.76,54.54,-0.21999999999999886,0,0
15102,53.25,52.63,-0.6199999999999974,0,0
15103,56.38,56.36,-0.020000000000003126,0,0
15104,48.9,45.56,-3.3399999999999963,0,0
15105,86.61,86.59,-0.01999999999999602,0,0
15106,86.85,86.84,-0.009999999999990905,0,0
15107,56.3,56.28,-0.01999999999999602,0,0
15108,56.38,56.36,-0.020000000000003126,0,0
15109,56.17,56.13,-0.03999999999999915,0,0
15110,49.56,46.81,-2.75,0,0
15111,47.82,43.32,-4.5,0,0
15112,45.24,0.0,-45.24,0,0
15113,55.39,55.28,-0.10999999999999943,0,0
15124,56.87,87.12,30.250000000000007,1,0
15167,84.99,84.52,-0.46999999999999886,0,0
15168,86.97,86.96,-0.010000000000005116,0,0
15169,87.12,87.11,-0.010000000000005116,0,0
15170,87.4,87.39,-0.010000000000005116,0,0
15171,56.74,56.73,-0.010000000000005116,0,0
15185,56.8,56.8,0.0,0,0
15186,49.88,47.4,-2.480000000000004,0,0
15187,48.9,45.56,-3.3399999999999963,0,0
15188,55.9,55.84,-0.05999999999999517,0,0
15189,86.92,86.9,-0.01999999999999602,0,0
15190,54.54,54.28,-0.259999999999998,0,0
15191,56.5,56.48,-0.020000000000003126,0,0
15192,55.66,55.58,-0.0799999999999983,0,0
15193,54.62,54.38,-0.23999999999999488,0,0
15194,51.43,50.0,-1.4299999999999997,0,0
15195,46.15,0.0,-46.15,0,0
15196,51.02,49.35,-1.6700000000000017,0,0
15198,52.63,51.78,-0.8500000000000014,0,0
15199,52.86,52.1,-0.759999999999998,0,0
15200,86.41,86.36,-0.04999999999999716,0,0
15201,49.62,46.94,-2.6799999999999997,0,0
15202,53.57,53.06,-0.509999999999998,0,0
15203,56.54,56.53,-0.00999999999999801,0,0
15204,54.82,54.62,-0.20000000000000284,0,0
15205,47.72,43.09,-4.6299999999999955,0,0
15206,87.87,87.84,-0.030000000000001137,0,0
15207,53.06,52.38,-0.6799999999999997,0,0
15208,49.42,46.56,-2.8599999999999994,0,0
15209,56.85,56.85,0.0,0,0
15210,54.69,54.46,-0.22999999999999687,0,0
15211,57.03,57.03,0.0,0,0
15213,55.66,55.58,-0.0799999999999983,0,0
15214,53.25,52.63,-0.6199999999999974,0,0
15216,85.28,85.12,-0.1599999999999966,0,0
15217,55.1,54.94,-0.1600000000000037,0,0
15218,56.1,56.06,-0.03999999999999915,0,0
15219,86.82,86.81,-0.009999999999990905,0,0
15220,46.43,0.0,-46.43,0,0
15221,47.4,42.36,-5.039999999999999,0,0
15222,51.78,50.55,-1.230000000000004,0,0
15223,52.1,51.02,-1.0799999999999983,0,0
15224,55.36,55.24,-0.11999999999999744,0,0
15227,56.29,56.27,-0.01999999999999602,0,0
15228,87.02,87.02,0.0,0,0
15229,73.65,30.8,-42.85000000000001,0,0
15230,56.7,56.69,-0.010000000000005116,0,0
15231,56.64,56.64,0.0,0,0
15232,56.5,56.48,-0.020000000000003126,0,0
15233,56.58,56.57,-0.00999999999999801,0,0
15234,53.25,52.63,-0.6199999999999974,0,0
15237,87.54,87.5,-0.04000000000000625,0,0
15238,86.6,86.58,-0.01999999999999602,0,0
15239,56.18,56.14,-0.03999999999999915,0,0
15240,55.52,55.43,-0.09000000000000341,0,0
15243,83.3,82.55,-0.75,0,0
15244,80.85,76.22,-4.6299999999999955,0,0
15245,87.66,87.66,0.0,0,0
15246,56.83,56.82,-0.00999999999999801,0,0
15247,56.87,56.86,-0.00999999999999801,0,0
15248,56.88,56.88,0.0,0,0
15249,30.33,30.33,0.0,0,0
15250,85.12,84.87,-0.25,0,0
15254,55.49,55.39,-0.10000000000000142,0,0
15255,55.1,54.94,-0.1600000000000037,0,0
15258,56.04,56.0,-0.03999999999999915,0,0
15259,56.28,56.26,-0.020000000000003126,0,0
15260,56.61,56.61,0.0,0,0
15261,56.38,56.36,-0.020000000000003126,0,0
15263,85.23,84.67,-0.5600000000000023,0,0
15264,55.52,55.43,-0.09000000000000341,0,0
15265,85.28,84.86,-0.4200000000000017,0,0
15272,57.05,57.05,0.0,0,0
15275,86.54,86.28,-0.2600000000000051,0,0
15276,84.65,83.8,-0.8500000000000085,0,0
15277,87.23,87.2,-0.030000000000001137,0,0
15278,81.89,79.83,-2.0600000000000023,0,0
15279,85.88,85.72,-0.1599999999999966,0,0
15280,80.33,75.7,-4.6299999999999955,0,0
15281,86.41,86.01,-0.3999999999999915,0,0
15282,54.88,54.69,-0.19000000000000483,0,0
15283,55.15,55.0,-0.14999999999999858,0,0
15284,56.38,56.36,-0.020000000000003126,0,0
15285,57.0,57.0,0.0,0,0
15286,85.79,85.7,-0.09000000000000341,0,0
15289,51.78,50.55,-1.230000000000004,0,0
15290,54.46,54.18,-0.28000000000000114,0,0
15291,55.1,54.94,-0.1600000000000037,0,0
15292,53.25,52.63,-0.6199999999999974,0,0
15293,54.94,54.76,-0.17999999999999972,0,0
15294,85.15,84.87,-0.28000000000000114,0,0
15295,85.14,84.91,-0.23000000000000398,0,0
15297,54.08,53.71,-0.36999999999999744,0,0
15298,56.67,56.67,0.0,0,0
15300,56.54,56.53,-0.00999999999999801,0,0
15302,56.58,56.57,-0.00999999999999801,0,0
15303,55.46,55.36,-0.10000000000000142,0,0
15304,87.51,87.49,-0.020000000000010232,0,0
15306,87.52,87.52,0.0,0,0
15307,86.99,86.99,0.0,0,0
15308,56.61,56.61,0.0,0,0
15309,56.58,56.57,-0.00999999999999801,0,0
15310,56.5,56.48,-0.020000000000003126,0,0
15311,54.88,54.69,-0.19000000000000483,0,0
15312,54.94,54.76,-0.17999999999999972,0,0
15313,55.98,55.93,-0.04999999999999716,0,0
15314,56.24,56.21,-0.030000000000001137,0,0
15315,54.18,53.84,-0.3399999999999963,0,0
15316,54.88,54.69,-0.19000000000000483,0,0
15317,56.91,56.9,-0.00999999999999801,0,0
15318,56.31,56.28,-0.030000000000001137,0,0
15319,56.79,56.78,-0.00999999999999801,0,0
15320,54.62,54.38,-0.23999999999999488,0,0
15321,56.67,56.67,0.0,0,0
15322,56.83,56.82,-0.00999999999999801,0,0
15325,84.86,84.49,-0.37000000000000455,0,0
15326,98.54,98.5,-0.04000000000000625,0,0
15327,86.96,86.96,0.0,0,0
15329,86.59,86.56,-0.030000000000001137,0,0
15335,71.7,0.0,-71.7,0,0
15372,56.92,56.91,-0.010000000000005116,0,0
15373,57.04,57.04,0.0,0,0
15375,55.93,55.88,-0.04999999999999716,0,0
15376,56.03,55.98,-0.05000000000000426,0,0
15377,54.38,54.08,-0.30000000000000426,0,0
15378,56.91,56.9,-0.00999999999999801,0,0
15379,56.76,56.75,-0.00999999999999801,0,0
15382,55.36,55.24,-0.11999999999999744,0,0
15383,85.76,85.6,-0.1600000000000108,0,0
15386,87.36,87.36,0.0,0,0
15387,87.14,87.13,-0.010000000000005116,0,0
15388,87.17,87.17,0.0,0,0
15400,57.04,57.04,0.0,0,0
15401,54.94,54.76,-0.17999999999999972,0,0
15402,87.59,87.59,0.0,0,0
15417,55.97,55.92,-0.04999999999999716,0,0
15420,55.0,54.82,-0.17999999999999972,0,0
15421,56.01,55.97,-0.03999999999999915,0,0
15422,55.92,55.86,-0.060000000000002274,0,0
15423,82.21,80.54,-1.6699999999999875,0,0
15434,56.87,56.86,-0.00999999999999801,0,0
15435,86.78,86.78,0.0,0,0
15436,56.52,56.51,-0.010000000000005116,0,0
15437,55.19,55.05,-0.14000000000000057,0,0
15438,53.41,52.86,-0.5499999999999972,0,0
15439,53.25,52.63,-0.6199999999999974,0,0
15441,56.72,56.71,-0.00999999999999801,0,0
15442,87.81,87.8,-0.010000000000005116,0,0
15443,52.38,51.43,-0.9500000000000028,0,0
15444,56.76,56.75,-0.00999999999999801,0,0
15445,56.88,56.87,-0.010000000000005116,0,0
15446,87.05,87.04,-0.009999999999990905,0,0
15447,46.43,0.0,-46.43,0,0
15448,56.56,56.55,-0.010000000000005116,0,0
15449,54.76,54.54,-0.21999999999999886,0,0
15454,55.0,54.82,-0.17999999999999972,0,0
15459,56.77,56.77,0.0,0,0
15460,51.78,50.55,-1.230000000000004,0,0
15461,85.85,85.71,-0.14000000000000057,0,0
15466,56.23,56.2,-0.02999999999999403,0,0
15470,86.89,86.85,-0.04000000000000625,0,0
15476,88.07,88.07,0.0,0,0
15478,57.11,57.11,0.0,0,0
15479,86.96,86.95,-0.009999999999990905,0,0
15492,88.7,88.69,-0.010000000000005116,0,0
15495,44.72,0.0,-44.72,0,0
15497,54.38,54.08,-0.30000000000000426,0,0
15500,86.97,86.95,-0.01999999999999602,0,0
15501,85.04,84.81,-0.23000000000000398,0,0
15502,87.51,87.51,0.0,0,0
15503,87.02,87.02,0.0,0,0
15504,85.86,85.75,-0.10999999999999943,0,0
15505,55.28,55.15,-0.13000000000000256,0,0
15506,56.86,56.86,0.0,0,0
15507,56.94,56.94,0.0,0,0
15511,56.98,56.97,-0.00999999999999801,0,0
15512,55.97,55.92,-0.04999999999999716,0,0
15513,56.24,56.21,-0.030000000000001137,0,0
15515,87.53,87.53,0.0,0,0
15517,56.44,56.43,-0.00999999999999801,0,0
15528,51.78,50.55,-1.230000000000004,0,0
15596,50.17,47.92,-2.25,0,0
15597,56.58,56.57,-0.00999999999999801,0,0
15598,56.92,56.91,-0.010000000000005116,0,0
15599,87.02,86.98,-0.03999999999999204,0,0
15600,87.11,87.1,-0.010000000000005116,0,0
15604,57.05,57.05,0.0,0,0
15605,56.79,56.78,-0.00999999999999801,0,0
15606,53.06,52.38,-0.6799999999999997,0,0
15607,56.67,56.67,0.0,0,0
15608,57.07,57.07,0.0,0,0
15609,55.52,55.43,-0.09000000000000341,0,0
15611,57.09,57.09,0.0,0,0
15612,80.78,77.92,-2.8599999999999994,0,0
15613,57.08,57.07,-0.00999999999999801,0,0
15615,57.03,57.03,0.0,0,0
15616,56.61,56.61,0.0,0,0
15618,57.05,57.05,0.0,0,0
15619,48.82,45.4,-3.4200000000000017,0,0
15621,87.43,87.36,-0.07000000000000739,0,0
15622,87.66,87.66,0.0,0,0
15638,51.43,50.0,-1.4299999999999997,0,0
15646,57.01,57.01,0.0,0,0
15647,55.84,55.78,-0.060000000000002274,0,0
15649,48.12,43.96,-4.159999999999997,0,0
15650,52.86,52.1,-0.759999999999998,0,0
15651,55.58,55.49,-0.0899999999999963,0,0
15652,53.71,53.25,-0.46000000000000085,0,0
15653,84.91,84.4,-0.5099999999999909,0,0
15654,87.11,86.87,-0.23999999999999488,0,0
15655,56.89,56.89,0.0,0,0
15656,56.91,56.91,0.0,0,0
15660,87.06,87.01,-0.04999999999999716,0,0
15661,0.0,0.0,0.0,0,0
15662,57.05,57.05,0.0,0,0
15663,56.72,56.71,-0.00999999999999801,0,0
15664,56.54,56.53,-0.00999999999999801,0,0
15665,52.1,51.02,-1.0799999999999983,0,0
15666,86.46,86.43,-0.029999999999986926,0,0
15668,55.15,55.0,-0.14999999999999858,0,0
15670,55.78,55.71,-0.07000000000000028,0,0
15671,56.72,56.71,-0.00999999999999801,0,0
15672,56.67,56.67,0.0,0,0
15673,56.7,56.69,-0.010000000000005116,0,0
15674,87.77,87.76,-0.009999999999990905,0,0
15675,57.08,57.08,0.0,0,0
15676,56.91,56.91,0.0,0,0
15677,56.7,56.69,-0.010000000000005116,0,0
15678,87.86,87.78,-0.0799999999999983,0,0
15680,88.39,88.38,-0.010000000000005116,0,0
15681,55.61,55.52,-0.0899999999999963,0,0
15682,55.97,55.92,-0.04999999999999716,0,0
15683,56.01,55.97,-0.03999999999999915,0,0
15684,56.5,56.48,-0.020000000000003126,0,0
15685,54.38,54.08,-0.30000000000000426,0,0
15700,56.44,56.43,-0.00999999999999801,0,0
15701,56.22,56.19,-0.030000000000001137,0,0
15702,56.95,56.95,0.0,0,0
15703,86.84,86.81,-0.030000000000001137,0,0
15704,85.27,85.13,-0.14000000000000057,0,0
15705,53.41,52.86,-0.5499999999999972,0,0
15706,86.24,86.0,-0.23999999999999488,0,0
15708,55.8,55.74,-0.05999999999999517,0,0
15709,41.27,0.0,-41.27,0,0
15710,86.55,86.43,-0.11999999999999034,0,0
15711,75.41,0.0,-75.41,0,0
15712,71.16,0.0,-71.16,0,0
15713,55.55,55.46,-0.0899999999999963,0,0
15714,57.0,57.0,0.0,0,0
15715,48.82,45.4,-3.4200000000000017,0,0
15716,87.32,87.3,-0.01999999999999602,0,0
15717,84.59,84.02,-0.5700000000000074,0,0
15718,84.92,84.66,-0.2600000000000051,0,0
15719,84.13,83.28,-0.8499999999999943,0,0
15720,87.02,87.01,-0.009999999999990905,0,0
15721,56.54,56.53,-0.00999999999999801,0,0
15722,56.31,56.28,-0.030000000000001137,0,0
15724,85.03,84.82,-0.21000000000000796,0,0
15725,54.18,53.84,-0.3399999999999963,0,0
15726,55.1,54.94,-0.1600000000000037,0,0
15728,56.44,56.43,-0.00999999999999801,0,0
15729,54.76,54.54,-0.21999999999999886,0,0
15730,56.99,56.99,0.0,0,0
15732,56.22,56.19,-0.030000000000001137,0,0
15733,47.92,43.54,-4.380000000000003,0,0
15734,44.72,0.0,-44.72,0,0
15735,57.08,57.08,0.0,0,0
15736,57.09,57.09,0.0,0,0
15737,57.01,57.01,0.0,0,0
15738,56.96,56.96,0.0,0,0
15739,85.56,85.3,-0.2600000000000051,0,0
15740,56.58,56.57,-0.00999999999999801,0,0
15741,57.02,57.02,0.0,0,0
15742,52.86,52.1,-0.759999999999998,0,0
15743,56.03,55.98,-0.05000000000000426,0,0
15750,57.02,57.02,0.0,0,0
15751,57.11,57.11,0.0,0,0
15752,56.76,56.75,-0.00999999999999801,0,0
15753,56.76,56.75,-0.00999999999999801,0,0
15757,86.48,86.39,-0.09000000000000341,0,0
15890,51.78,50.55,-1.230000000000004,0,0
15892,52.63,51.78,-0.8500000000000014,0,0
15893,86.3,86.23,-0.06999999999999318,0,0
15894,55.64,55.55,-0.09000000000000341,0,0
15896,88.38,88.38,0.0,0,0
15897,56.85,56.85,0.0,0,0
15898,56.85,56.85,0.0,0,0
15899,48.65,45.07,-3.5799999999999983,0,0
15900,54.94,54.76,-0.17999999999999972,0,0
15901,41.56,0.0,-41.56,0,0
15902,82.33,81.25,-1.0799999999999983,0,0
15903,47.06,41.56,-5.5,0,0
15904,48.3,44.35,-3.9499999999999957,0,0
15905,53.97,53.57,-0.3999999999999986,0,0
15907,46.94,41.27,-5.669999999999995,0,0
15908,41.83,0.0,-41.83,0,0
15909,40.66,0.0,-40.66,0,0
15910,48.74,45.24,-3.5,0,0
15911,52.1,51.02,-1.0799999999999983,0,0
15918,48.74,45.24,-3.5,0,0
15919,56.72,56.71,-0.00999999999999801,0,0
15920,55.84,55.78,-0.060000000000002274,0,0
15921,55.19,55.05,-0.14000000000000057,0,0
15922,53.06,52.38,-0.6799999999999997,0,0
15935,78.93,75.59,-3.3400000000000034,0,0
15937,48.21,44.15,-4.060000000000002,0,0
15938,46.81,40.97,-5.840000000000003,0,0
15953,87.1,87.1,0.0,0,0
15954,56.99,56.99,0.0,0,0
15955,57.01,57.01,0.0,0,0
15956,57.01,57.01,0.0,0,0
15959,80.47,77.99,-2.480000000000004,0,0
15960,51.02,49.35,-1.6700000000000017,0,0
15963,53.71,53.25,-0.46000000000000085,0,0
15964,56.38,56.36,-0.020000000000003126,0,0
15966,56.19,56.16,-0.030000000000001137,0,0
15967,87.07,87.06,-0.009999999999990905,0,0
15968,56.38,56.36,-0.020000000000003126,0,0
15969,57.13,57.13,0.0,0,0
15970,57.04,57.04,0.0,0,0
15971,86.11,86.06,-0.04999999999999716,0,0
15975,45.24,0.0,-45.24,0,0
15976,56.94,56.94,0.0,0,0
15985,45.86,0.0,-45.86,0,0
15987,57.03,57.03,0.0,0,0
15988,57.05,57.05,0.0,0,0
15990,53.84,53.41,-0.4300000000000068,0,0
15991,87.86,87.86,0.0,0,0
15992,54.08,53.71,-0.36999999999999744,0,0
15998,57.0,57.0,0.0,0,0
15999,57.03,57.03,0.0,0,0
16000,52.1,51.02,-1.0799999999999983,0,0
16001,45.4,0.0,-45.4,0,0
16002,48.74,45.24,-3.5,0,0
16003,56.93,56.93,0.0,0,0
16004,55.15,55.0,-0.14999999999999858,0,0
16006,57.09,57.09,0.0,0,0
16007,77.64,72.45,-5.189999999999998,0,0
16008,0.0,0.0,0.0,0,0
16009,56.96,56.95,-0.00999999999999801,0,0
16010,56.44,56.43,-0.00999999999999801,0,0
16011,57.08,57.08,0.0,0,0
16012,54.54,54.28,-0.259999999999998,0,0
16013,56.96,56.95,-0.00999999999999801,0,0
16014,57.1,57.1,0.0,0,0
16016,56.38,56.36,-0.020000000000003126,0,0
16017,56.98,56.98,0.0,0,0
16027,56.13,56.1,-0.030000000000001137,0,0
16038,57.06,57.06,0.0,0,0
16039,57.05,57.05,0.0,0,0
16040,57.03,57.03,0.0,0,0
16041,57.0,57.0,0.0,0,0
16042,99.75,99.75,0.0,0,0
16043,99.72,99.72,0.0,0,0
16044,56.97,56.97,0.0,0,0
16045,85.36,85.22,-0.14000000000000057,0,0
16046,56.21,56.18,-0.030000000000001137,0,0
16049,45.07,0.0,-45.07,0,0
16050,84.99,85.76,0.7700000000000102,1,0
16051,55.46,55.36,-0.10000000000000142,0,0
16052,52.63,51.78,-0.8500000000000014,0,0
16053,53.97,53.57,-0.3999999999999986,0,0
16055,55.49,55.39,-0.10000000000000142,0,0
16057,56.42,56.4,-0.020000000000003126,0,0
16059,56.49,56.47,-0.020000000000003126,0,0
16062,56.45,56.43,-0.020000000000003126,0,0
16063,56.62,56.61,-0.00999999999999801,0,0
16064,56.49,56.48,-0.010000000000005116,0,0
16065,55.24,55.1,-0.14000000000000057,0,0
16066,54.08,53.71,-0.36999999999999744,0,0
16068,71.75,71.75,0.0,0,0
16069,55.95,55.9,-0.05000000000000426,0,0
16070,49.56,46.81,-2.75,0,0
16075,56.88,56.88,0.0,0,0
16076,56.87,56.86,-0.00999999999999801,0,0
16077,52.1,51.02,-1.0799999999999983,0,0
16078,49.35,46.43,-2.9200000000000017,0,0
16079,81.99,80.75,-1.2399999999999949,0,0
16086,56.95,56.95,0.0,0,0
16087,86.8,86.72,-0.0799999999999983,0,0
16101,56.63,56.62,-0.010000000000005116,0,0
16104,51.43,50.0,-1.4299999999999997,0,0
16105,86.46,86.44,-0.01999999999999602,0,0
16106,56.92,56.91,-0.010000000000005116,0,0
16118,57.04,57.04,0.0,0,0
16119,50.55,48.57,-1.9799999999999969,0,0
16120,56.25,56.22,-0.030000000000001137,0,0
16121,55.32,55.19,-0.13000000000000256,0,0
16122,44.72,0.0,-44.72,0,0
16123,56.77,56.77,0.0,0,0
16127,55.32,55.19,-0.13000000000000256,0,0
16128,56.44,56.43,-0.00999999999999801,0,0
16129,85.62,85.45,-0.1700000000000017,0,0
16145,51.78,50.55,-1.230000000000004,0,0
16146,50.34,48.21,-2.1300000000000026,0,0
16151,50.55,48.57,-1.9799999999999969,0,0
16152,57.08,57.08,0.0,0,0
16168,53.71,53.25,-0.46000000000000085,0,0
16169,43.96,0.0,-43.96,0,0
16170,44.9,30.61,-14.29,0,0
16171,56.79,56.78,-0.00999999999999801,0,0
16172,56.79,56.78,-0.00999999999999801,0,0
16188,56.22,56.19,-0.030000000000001137,0,0
16189,51.43,50.0,-1.4299999999999997,0,0
16192,55.61,55.52,-0.0899999999999963,0,0
16193,55.76,55.69,-0.07000000000000028,0,0
16196,56.58,56.57,-0.00999999999999801,0,0
16197,56.67,56.67,0.0,0,0
16198,82.57,81.49,-1.0799999999999983,0,0
16206,50.44,48.4,-2.039999999999999,0,0
16207,0.0,0.0,0.0,0,0
16208,55.1,54.94,-0.1600000000000037,0,0
16209,55.93,55.88,-0.04999999999999716,0,0
16210,57.06,57.06,0.0,0,0
16211,87.38,87.37,-0.009999999999990905,0,0
16212,53.25,52.63,-0.6199999999999974,0,0
16213,48.4,44.54,-3.8599999999999994,0,0
16221,87.24,87.23,-0.009999999999990905,0,0
16222,87.52,87.12,-0.3999999999999915,0,0
16223,56.54,56.53,-0.00999999999999801,0,0
16224,57.07,57.07,0.0,0,0
16225,57.12,57.12,0.0,0,0
16228,52.1,51.02,-1.0799999999999983,0,0
16229,56.89,56.89,0.0,0,0
16230,87.54,87.54,0.0,0,0
16231,86.64,86.62,-0.01999999999999602,0,0
16232,57.06,57.06,0.0,0,0
16253,56.92,56.92,0.0,0,0
16254,30.05,30.05,0.0,0,0
16255,49.56,46.81,-2.75,0,0
16256,92.5,91.18,-1.3199999999999932,0,0
16257,48.21,44.15,-4.060000000000002,0,0
16258,0.0,0.0,0.0,0,0
16278,52.1,51.02,-1.0799999999999983,0,0
16279,56.22,56.19,-0.030000000000001137,0,0
16281,56.97,56.97,0.0,0,0
16282,87.26,87.25,-0.010000000000005116,0,0
16283,47.06,41.56,-5.5,0,0
16284,49.81,47.29,-2.520000000000003,0,0
16285,56.54,56.53,-0.00999999999999801,0,0
16286,56.76,56.75,-0.00999999999999801,0,0
16287,52.1,51.02,-1.0799999999999983,0,0
16288,52.1,51.02,-1.0799999999999983,0,0
16289,52.63,51.78,-0.8500000000000014,0,0
16290,32.54,32.54,0.0,0,0
16291,84.42,83.58,-0.8400000000000034,0,0
16296,72.57,30.2,-42.36999999999999,0,0
16297,49.62,46.94,-2.6799999999999997,0,0
16298,53.41,52.86,-0.5499999999999972,0,0
16299,54.38,54.08,-0.30000000000000426,0,0
16302,82.93,82.09,-0.8400000000000034,0,0
16303,52.63,51.78,-0.8500000000000014,0,0
16304,55.55,55.46,-0.0899999999999963,0,0
16305,56.91,56.91,0.0,0,0
16306,56.61,56.61,0.0,0,0
16307,56.96,56.96,0.0,0,0
16308,56.88,56.87,-0.010000000000005116,0,0
16309,87.16,87.16,0.0,0,0
16310,57.06,57.06,0.0,0,0
16311,56.64,56.64,0.0,0,0
16312,56.38,56.36,-0.020000000000003126,0,0
16313,56.31,56.28,-0.030000000000001137,0,0
16320,87.11,87.11,0.0,0,0
16321,56.8,56.8,0.0,0,0
16322,56.91,56.91,0.0,0,0
16323,54.28,53.97,-0.3100000000000023,0,0
16324,87.38,87.38,0.0,0,0
16326,56.97,56.97,0.0,0,0
16327,57.01,57.01,0.0,0,0
16328,56.76,56.75,-0.00999999999999801,0,0
16329,55.97,55.92,-0.04999999999999716,0,0
16330,56.58,56.57,-0.00999999999999801,0,0
16331,87.03,87.03,0.0,0,0
16332,85.74,85.53,-0.20999999999999375,0,0
16333,89.0,89.0,0.0,0,0
16334,87.64,87.63,-0.010000000000005116,0,0
16335,87.4,87.4,0.0,0,0
16336,56.25,56.22,-0.030000000000001137,0,0
16337,56.54,56.53,-0.00999999999999801,0,0
16338,57.08,57.08,0.0,0,0
16339,56.99,56.99,0.0,0,0
16340,56.83,56.82,-0.00999999999999801,0,0
16341,56.79,56.78,-0.00999999999999801,0,0
16342,56.76,56.75,-0.00999999999999801,0,0
16343,87.7,87.7,0.0,0,0
16344,87.6,87.6,0.0,0,0
16345,55.61,55.52,-0.0899999999999963,0,0
16346,55.71,55.64,-0.07000000000000028,0,0
16347,57.12,57.12,0.0,0,0
16349,56.5,56.48,-0.020000000000003126,0,0
16350,56.83,56.82,-0.00999999999999801,0,0
16351,57.06,57.05,-0.010000000000005116,0,0
16352,57.11,57.11,0.0,0,0
16353,86.12,86.07,-0.05000000000001137,0,0
16354,87.47,87.47,0.0,0,0
16355,86.46,86.43,-0.029999999999986926,0,0
16356,57.06,57.06,0.0,0,0
16357,85.31,85.17,-0.14000000000000057,0,0
16370,87.27,87.27,0.0,0,0
16371,86.58,86.5,-0.0799999999999983,0,0
16372,56.31,56.28,-0.030000000000001137,0,0
16373,56.79,56.78,-0.00999999999999801,0,0
16374,55.55,55.46,-0.0899999999999963,0,0
16375,82.63,81.68,-0.9499999999999886,0,0
16376,56.74,56.73,-0.010000000000005116,0,0
16380,84.21,83.74,-0.46999999999999886,0,0
16381,56.99,56.99,0.0,0,0
16382,56.91,56.9,-0.00999999999999801,0,0
16383,87.17,87.16,-0.010000000000005116,0,0
16384,56.86,56.86,0.0,0,0
16385,56.03,55.98,-0.05000000000000426,0,0
16386,56.27,56.24,-0.030000000000001137,0,0
16388,82.61,81.66,-0.9500000000000028,0,0
16402,56.0,55.95,-0.04999999999999716,0,0
16403,53.41,52.86,-0.5499999999999972,0,0
16404,54.54,54.28,-0.259999999999998,0,0
16405,56.29,56.27,-0.01999999999999602,0,0
16406,56.82,56.81,-0.00999999999999801,0,0
16417,55.28,55.15,-0.13000000000000256,0,0
16418,56.7,56.69,-0.010000000000005116,0,0
16419,87.36,87.35,-0.010000000000005116,0,0
16420,45.24,0.0,-45.24,0,0
16433,86.64,86.55,-0.09000000000000341,0,0
16434,88.53,88.52,-0.010000000000005116,0,0
16435,85.26,84.97,-0.29000000000000625,0,0
16436,56.94,56.94,0.0,0,0
16437,55.52,55.43,-0.09000000000000341,0,0
16438,57.03,57.03,0.0,0,0
16439,87.58,87.57,-0.010000000000005116,0,0
16440,55.28,55.15,-0.13000000000000256,0,0
16441,55.8,55.74,-0.05999999999999517,0,0
16444,88.76,88.75,-0.010000000000005116,0,0
16445,87.4,87.38,-0.020000000000010232,0,0
16452,54.28,53.97,-0.3100000000000023,0,0
16453,54.38,54.08,-0.30000000000000426,0,0
16454,56.5,56.48,-0.020000000000003126,0,0
16455,57.03,57.03,0.0,0,0
16456,84.97,84.29,-0.6799999999999926,0,0
16457,57.01,57.01,0.0,0,0
16460,53.84,53.41,-0.4300000000000068,0,0
16461,84.09,83.58,-0.5100000000000051,0,0
16462,56.98,56.97,-0.00999999999999801,0,0
16463,57.06,57.06,0.0,0,0
16464,56.99,56.99,0.0,0,0
16465,56.64,56.64,0.0,0,0
16466,57.0,57.0,0.0,0,0
16467,86.84,86.82,-0.020000000000010232,0,0
16469,86.71,86.68,-0.029999999999986926,0,0
16470,79.84,77.32,-2.5200000000000102,0,0
16471,52.63,51.78,-0.8500000000000014,0,0
16472,55.24,55.1,-0.14000000000000057,0,0
16473,53.41,52.86,-0.5499999999999972,0,0
16474,54.08,53.71,-0.36999999999999744,0,0
16479,55.28,55.15,-0.13000000000000256,0,0
16481,56.19,56.16,-0.030000000000001137,0,0
16483,56.21,56.18,-0.030000000000001137,0,0
16486,56.79,56.78,-0.00999999999999801,0,0
16487,56.8,56.8,0.0,0,0
16488,56.87,56.86,-0.00999999999999801,0,0
16489,56.99,56.99,0.0,0,0
16490,56.5,56.48,-0.020000000000003126,0,0
16491,56.61,56.61,0.0,0,0
16492,55.95,55.9,-0.05000000000000426,0,0
16493,86.9,86.74,-0.1600000000000108,0,0
16494,86.12,85.99,-0.13000000000000966,0,0
16500,56.58,56.57,-0.00999999999999801,0,0
16501,56.83,56.82,-0.00999999999999801,0,0
16502,86.52,86.47,-0.04999999999999716,0,0
16503,86.34,86.29,-0.04999999999999716,0,0
16504,88.31,88.31,0.0,0,0
16505,56.5,56.48,-0.020000000000003126,0,0
16506,87.16,87.16,0.0,0,0
16507,88.61,88.6,-0.010000000000005116,0,0
16508,56.82,56.81,-0.00999999999999801,0,0
16513,83.52,82.76,-0.7599999999999909,0,0
16514,87.86,87.85,-0.010000000000005116,0,0
16515,42.61,0.0,-42.61,0,0
16516,55.39,55.28,-0.10999999999999943,0,0
16524,84.11,83.6,-0.5100000000000051,0,0
16526,88.2,88.17,-0.030000000000001137,0,0
16527,87.23,87.22,-0.010000000000005116,0,0
16528,86.34,86.02,-0.3200000000000074,0,0
16529,56.5,56.48,-0.020000000000003126,0,0
16530,86.08,85.93,-0.14999999999999147,0,0
16531,56.99,56.99,0.0,0,0
16532,85.62,85.42,-0.20000000000000284,0,0
16533,79.03,75.26,-3.769999999999996,0,0
16535,30.78,30.78,0.0,0,0
16536,55.24,55.1,-0.14000000000000057,0,0
16537,54.54,54.28,-0.259999999999998,0,0
16538,56.44,56.43,-0.00999999999999801,0,0
16539,56.54,56.53,-0.00999999999999801,0,0
16540,48.21,44.15,-4.060000000000002,0,0
16541,30.23,30.23,0.0,0,0
16548,52.38,51.43,-0.9500000000000028,0,0
16549,56.88,56.88,0.0,0,0
16550,56.14,56.11,-0.030000000000001137,0,0
16551,56.93,56.93,0.0,0,0
16552,56.44,56.43,-0.00999999999999801,0,0
16553,55.0,54.82,-0.17999999999999972,0,0
16554,57.09,57.09,0.0,0,0
16555,56.13,56.1,-0.030000000000001137,0,0
16556,55.28,55.15,-0.13000000000000256,0,0
16557,54.38,54.08,-0.30000000000000426,0,0
16558,57.05,57.05,0.0,0,0
16559,57.0,57.0,0.0,0,0
16560,99.73,99.73,0.0,0,0
16563,56.31,56.28,-0.030000000000001137,0,0
16564,0.0,0.0,0.0,0,0
16565,0.0,0.0,0.0,0,0
16566,52.38,51.43,-0.9500000000000028,0,0
16567,56.91,56.9,-0.00999999999999801,0,0
16568,56.83,56.82,-0.00999999999999801,0,0
16569,56.77,56.77,0.0,0,0
16570,87.28,87.27,-0.010000000000005116,0,0
16571,55.19,55.05,-0.14000000000000057,0,0
16572,49.35,46.43,-2.9200000000000017,0,0
16573,0.0,0.0,0.0,0,0
16574,56.92,56.91,-0.010000000000005116,0,0
16580,86.75,86.71,-0.04000000000000625,0,0
16581,55.95,55.9,-0.05000000000000426,0,0
16582,88.87,88.87,0.0,0,0
16583,55.82,55.76,-0.060000000000002274,0,0
16584,86.41,86.33,-0.0799999999999983,0,0
16585,56.99,56.99,0.0,0,0
16589,56.61,56.61,0.0,0,0
16628,57.04,57.04,0.0,0,0
16629,57.04,57.04,0.0,0,0
16630,85.89,85.67,-0.21999999999999886,0,0
16637,56.74,56.73,-0.010000000000005116,0,0
16638,51.78,50.55,-1.230000000000004,0,0
16639,51.02,49.35,-1.6700000000000017,0,0
16644,83.05,81.97,-1.0799999999999983,0,0
16645,55.58,55.49,-0.0899999999999963,0,0
16646,82.18,79.26,-2.9200000000000017,0,0
16668,86.86,86.6,-0.2600000000000051,0,0
16669,54.88,54.69,-0.19000000000000483,0,0
16670,0.0,0.0,0.0,0,0
16671,52.63,51.78,-0.8500000000000014,0,0
16672,48.98,45.71,-3.269999999999996,0,0
16673,51.78,50.55,-1.230000000000004,0,0
16674,57.0,57.0,0.0,0,0
16675,56.61,56.61,0.0,0,0
16676,57.0,57.0,0.0,0,0
16693,50.55,48.57,-1.9799999999999969,0,0
16694,53.71,53.25,-0.46000000000000085,0,0
16695,56.44,56.43,-0.00999999999999801,0,0
16696,56.24,56.21,-0.030000000000001137,0,0
16697,55.76,55.69,-0.07000000000000028,0,0
16698,46.15,0.0,-46.15,0,0
16699,55.9,55.84,-0.05999999999999517,0,0
16700,47.29,42.1,-5.189999999999998,0,0
16701,51.43,50.0,-1.4299999999999997,0,0
16702,47.62,42.85,-4.769999999999996,0,0
16703,0.0,0.0,0.0,0,0
16704,71.59,71.59,0.0,0,0
16705,57.03,57.03,0.0,0,0
16706,57.01,57.01,0.0,0,0
16714,56.14,56.11,-0.030000000000001137,0,0
16715,55.9,55.84,-0.05999999999999517,0,0
16716,47.82,43.32,-4.5,0,0
16717,46.15,0.0,-46.15,0,0
16718,56.76,56.75,-0.00999999999999801,0,0
16719,56.72,56.71,-0.00999999999999801,0,0
16720,87.02,86.99,-0.030000000000001137,0,0
16721,56.03,55.98,-0.05000000000000426,0,0
16722,53.41,52.86,-0.5499999999999972,0,0
16723,53.06,52.38,-0.6799999999999997,0,0
16726,49.94,47.51,-2.4299999999999997,0,0
16727,46.01,0.0,-46.01,0,0
16728,45.07,0.0,-45.07,0,0
16729,48.57,44.9,-3.6700000000000017,0,0
16734,43.32,0.0,-43.32,0,0
16735,83.39,83.82,0.4299999999999926,1,0
16736,54.08,53.71,-0.36999999999999744,0,0
16737,54.46,54.18,-0.28000000000000114,0,0
16738,54.54,54.28,-0.259999999999998,0,0
16739,55.61,55.52,-0.0899999999999963,0,0
16740,56.76,56.75,-0.00999999999999801,0,0
16741,56.9,56.9,0.0,0,0
16742,83.65,82.8,-0.8500000000000085,0,0
16743,56.06,56.01,-0.05000000000000426,0,0
16744,55.36,55.24,-0.11999999999999744,0,0
16745,55.78,55.71,-0.07000000000000028,0,0
16748,56.67,56.67,0.0,0,0
16749,55.64,55.55,-0.09000000000000341,0,0
16750,55.1,54.94,-0.1600000000000037,0,0
16751,55.32,55.19,-0.13000000000000256,0,0
16752,54.76,54.54,-0.21999999999999886,0,0
16753,55.61,55.52,-0.0899999999999963,0,0
16754,87.18,87.18,0.0,0,0
16755,85.11,84.65,-0.45999999999999375,0,0
16756,54.54,54.28,-0.259999999999998,0,0
16757,54.54,54.28,-0.259999999999998,0,0
16760,82.56,81.32,-1.240000000000009,0,0
16761,0.0,0.0,0.0,0,0
16762,56.38,56.36,-0.020000000000003126,0,0
16763,56.5,56.48,-0.020000000000003126,0,0
16764,56.0,55.95,-0.04999999999999716,0,0
16765,57.11,57.11,0.0,0,0
16766,55.66,55.58,-0.0799999999999983,0,0
16767,53.41,52.86,-0.5499999999999972,0,0
16768,55.0,54.82,-0.17999999999999972,0,0
16769,56.8,56.8,0.0,0,0
16784,87.92,87.91,-0.010000000000005116,0,0
16785,57.09,57.09,0.0,0,0
16786,56.54,56.53,-0.00999999999999801,0,0
16787,56.88,56.87,-0.010000000000005116,0,0
16791,55.92,55.86,-0.060000000000002274,0,0
16799,56.88,56.87,-0.010000000000005116,0,0
16804,86.25,86.18,-0.06999999999999318,0,0
16826,56.58,56.57,-0.00999999999999801,0,0
16839,55.39,55.28,-0.10999999999999943,0,0
16840,56.64,56.64,0.0,0,0
16841,56.92,56.92,0.0,0,0
16847,57.09,57.09,0.0,0,0
16848,88.58,88.57,-0.010000000000005116,0,0
16849,56.91,56.91,0.0,0,0
16850,54.38,54.08,-0.30000000000000426,0,0
16851,87.23,87.23,0.0,0,0
16852,56.92,56.92,0.0,0,0
16853,56.96,56.96,0.0,0,0
16854,54.46,54.18,-0.28000000000000114,0,0
16855,56.04,56.0,-0.03999999999999915,0,0
16856,53.97,53.57,-0.3999999999999986,0,0
16867,49.42,46.56,-2.8599999999999994,0,0
16868,50.34,48.21,-2.1300000000000026,0,0
16869,55.88,55.82,-0.060000000000002274,0,0
16871,44.9,0.0,-44.9,0,0
16872,54.54,54.28,-0.259999999999998,0,0
16874,51.78,50.55,-1.230000000000004,0,0
16875,56.77,56.77,0.0,0,0
16876,50.0,47.62,-2.3800000000000026,0,0
16886,54.28,53.97,-0.3100000000000023,0,0
16887,84.21,83.87,-0.3399999999999892,0,0
16888,55.36,55.24,-0.11999999999999744,0,0
16889,87.9,87.87,-0.030000000000001137,0,0
16890,87.61,87.61,0.0,0,0
16891,55.55,55.46,-0.0899999999999963,0,0
16899,56.29,56.27,-0.01999999999999602,0,0
16900,56.92,56.91,-0.010000000000005116,0,0
16901,56.7,56.69,-0.010000000000005116,0,0
16904,56.68,56.68,0.0,0,0
16905,56.34,56.32,-0.020000000000003126,0,0
16912,56.76,56.75,-0.00999999999999801,0,0
16913,44.35,0.0,-44.35,0,0
16914,40.97,0.0,-40.97,0,0
16918,87.32,87.32,0.0,0,0
16919,86.65,86.62,-0.030000000000001137,0,0
16920,57.13,57.13,0.0,0,0
16921,55.52,55.43,-0.09000000000000341,0,0
16922,56.98,56.98,0.0,0,0
16928,86.17,86.03,-0.14000000000000057,0,0
16929,56.31,56.28,-0.030000000000001137,0,0
16930,56.3,56.28,-0.01999999999999602,0,0
16931,80.99,78.19,-2.799999999999997,0,0
16936,87.59,87.59,0.0,0,0
16950,87.05,87.04,-0.009999999999990905,0,0
16951,56.67,56.67,0.0,0,0
16953,55.97,55.92,-0.04999999999999716,0,0
16955,99.43,99.42,-0.010000000000005116,0,0
16956,56.79,56.78,-0.00999999999999801,0,0
16958,80.0,76.95,-3.049999999999997,0,0
16959,81.77,80.1,-1.6700000000000017,0,0
16960,87.15,87.13,-0.020000000000010232,0,0
16961,56.91,56.9,-0.00999999999999801,0,0
16962,87.39,87.39,0.0,0,0
16963,57.03,57.03,0.0,0,0
16964,56.38,56.36,-0.020000000000003126,0,0
16965,57.06,57.06,0.0,0,0
16966,56.76,56.75,-0.00999999999999801,0,0
16970,48.48,44.72,-3.759999999999998,0,0
16992,86.59,86.56,-0.030000000000001137,0,0
16993,53.97,53.57,-0.3999999999999986,0,0
16994,56.3,56.28,-0.01999999999999602,0,0
16995,50.0,47.62,-2.3800000000000026,0,0
17006,86.89,86.86,-0.030000000000001137,0,0
17007,87.26,87.25,-0.010000000000005116,0,0
17008,51.78,50.55,-1.230000000000004,0,0
17009,46.01,0.0,-46.01,0,0
17010,88.41,88.41,0.0,0,0
17011,56.91,56.91,0.0,0,0
17012,56.58,56.57,-0.00999999999999801,0,0
17018,55.55,55.46,-0.0899999999999963,0,0
17019,56.5,56.48,-0.020000000000003126,0,0
17020,57.06,57.06,0.0,0,0
17021,57.07,57.07,0.0,0,0
17022,57.08,57.08,0.0,0,0
17023,56.79,56.78,-0.00999999999999801,0,0
17024,57.12,57.12,0.0,0,0
17046,57.11,57.11,0.0,0,0
17050,30.33,30.33,0.0,0,0
17051,56.8,56.8,0.0,0,0
17052,57.03,57.03,0.0,0,0
17060,56.38,56.36,-0.020000000000003126,0,0
17061,87.45,87.44,-0.010000000000005116,0,0
17062,53.41,52.86,-0.5499999999999972,0,0
17063,55.8,55.74,-0.05999999999999517,0,0
17064,57.08,57.08,0.0,0,0
17065,56.38,56.36,-0.020000000000003126,0,0
17066,57.04,57.04,0.0,0,0
17068,87.47,87.47,0.0,0,0
17069,57.06,57.05,-0.010000000000005116,0,0
17070,52.1,51.02,-1.0799999999999983,0,0
17071,53.41,52.86,-0.5499999999999972,0,0
17072,55.0,54.82,-0.17999999999999972,0,0
17073,54.54,54.28,-0.259999999999998,0,0
17077,55.36,55.24,-0.11999999999999744,0,0
17078,56.61,56.61,0.0,0,0
17079,56.76,56.75,-0.00999999999999801,0,0
17080,53.25,52.63,-0.6199999999999974,0,0
17081,56.92,56.92,0.0,0,0
17082,56.93,56.93,0.0,0,0
17083,56.85,56.85,0.0,0,0
17084,85.59,85.41,-0.18000000000000682,0,0
17085,85.84,85.76,-0.0799999999999983,0,0
17086,56.82,56.81,-0.00999999999999801,0,0
17087,56.83,56.82,-0.00999999999999801,0,0
17088,56.86,56.86,0.0,0,0
17089,56.23,56.2,-0.02999999999999403,0,0
17090,56.24,56.21,-0.030000000000001137,0,0
17091,55.28,55.15,-0.13000000000000256,0,0
17092,56.03,55.98,-0.05000000000000426,0,0
17093,56.96,56.95,-0.00999999999999801,0,0
17099,57.03,57.03,0.0,0,0
17100,57.12,57.12,0.0,0,0
17101,87.09,87.09,0.0,0,0
17102,52.86,52.1,-0.759999999999998,0,0
17178,86.12,85.93,-0.18999999999999773,0,0
17217,56.35,56.32,-0.030000000000001137,0,0
17224,88.54,88.53,-0.010000000000005116,0,0
17225,56.98,56.98,0.0,0,0
17237,57.01,57.01,0.0,0,0
17247,87.87,87.81,-0.060000000000002274,0,0
17248,50.44,48.4,-2.039999999999999,0,0
17249,45.4,0.0,-45.4,0,0
17250,56.14,56.11,-0.030000000000001137,0,0
17253,51.78,50.55,-1.230000000000004,0,0
17254,56.5,56.48,-0.020000000000003126,0,0
17256,56.44,56.43,-0.00999999999999801,0,0
17257,56.54,56.53,-0.00999999999999801,0,0
17258,55.58,55.49,-0.0899999999999963,0,0
17259,84.99,84.77,-0.21999999999999886,0,0
17260,89.96,89.94,-0.01999999999999602,0,0
17261,99.47,99.46,-0.010000000000005116,0,0
17262,56.58,56.57,-0.00999999999999801,0,0
17263,97.69,97.58,-0.10999999999999943,0,0
17264,45.24,0.0,-45.24,0,0
17265,86.44,86.28,-0.1599999999999966,0,0
17266,89.46,89.45,-0.009999999999990905,0,0
17267,87.48,87.48,0.0,0,0
17268,42.1,0.0,-42.1,0,0
17269,89.67,89.67,0.0,0,0
17271,73.7,31.34,-42.36,0,0
17272,85.58,85.02,-0.5600000000000023,0,0
17273,51.43,50.0,-1.4299999999999997,0,0
17274,52.1,51.02,-1.0799999999999983,0,0
17275,48.9,45.56,-3.3399999999999963,0,0
17276,89.65,90.23,0.5799999999999983,1,0
17277,85.64,86.18,0.5400000000000063,1,0
17278,54.08,53.71,-0.36999999999999744,0,0
17279,88.47,88.47,0.0,0,0
17280,55.49,55.39,-0.10000000000000142,0,0
17281,55.1,54.94,-0.1600000000000037,0,0
17282,56.89,56.89,0.0,0,0
17283,56.77,56.77,0.0,0,0
17284,56.99,56.99,0.0,0,0
17285,53.97,53.57,-0.3999999999999986,0,0
17286,56.8,56.8,0.0,0,0
17287,54.18,53.84,-0.3399999999999963,0,0
17288,80.83,78.4,-2.4299999999999926,0,0
17289,85.9,85.8,-0.10000000000000853,0,0
17290,43.09,0.0,-43.09,0,0
17291,49.49,46.69,-2.8000000000000043,0,0
17292,56.97,56.97,0.0,0,0
17293,56.67,56.67,0.0,0,0
17294,50.55,48.57,-1.9799999999999969,0,0
17295,56.91,56.9,-0.00999999999999801,0,0
17296,56.92,56.91,-0.010000000000005116,0,0
17297,56.84,56.83,-0.010000000000005116,0,0
17298,56.72,56.71,-0.00999999999999801,0,0
17299,56.92,56.92,0.0,0,0
17300,57.02,57.02,0.0,0,0
17310,56.61,56.61,0.0,0,0
17311,56.95,56.95,0.0,0,0
17312,55.8,55.74,-0.05999999999999517,0,0
17313,56.0,55.95,-0.04999999999999716,0,0
17314,56.12,56.08,-0.03999999999999915,0,0
17315,0.0,0.0,0.0,0,0
17316,82.01,80.78,-1.230000000000004,0,0
17317,52.86,52.1,-0.759999999999998,0,0
17338,56.82,56.81,-0.00999999999999801,0,0
17339,56.31,56.28,-0.030000000000001137,0,0
17345,56.67,56.67,0.0,0,0
17346,56.22,56.19,-0.030000000000001137,0,0
17352,56.88,56.88,0.0,0,0
17353,57.04,57.04,0.0,0,0
17354,87.96,87.94,-0.01999999999999602,0,0
17357,84.94,84.65,-0.28999999999999204,0,0
17358,56.97,56.97,0.0,0,0
17359,56.93,56.93,0.0,0,0
17360,56.95,56.95,0.0,0,0
17362,55.55,55.46,-0.0899999999999963,0,0
17363,87.61,87.61,0.0,0,0
17364,57.11,57.11,0.0,0,0
17365,85.44,85.14,-0.29999999999999716,0,0
17366,57.04,87.7,30.660000000000004,1,0
17371,56.92,56.91,-0.010000000000005116,0,0
17372,86.39,86.33,-0.060000000000002274,0,0
17373,55.95,55.9,-0.05000000000000426,0,0
17374,86.4,86.35,-0.05000000000001137,0,0
17375,56.11,56.07,-0.03999999999999915,0,0
17376,52.38,51.43,-0.9500000000000028,0,0
17377,56.38,56.36,-0.020000000000003126,0,0
17378,51.02,49.35,-1.6700000000000017,0,0
17379,46.15,0.0,-46.15,0,0
17380,54.54,54.28,-0.259999999999998,0,0
17381,55.0,54.82,-0.17999999999999972,0,0
17382,52.63,51.78,-0.8500000000000014,0,0
17383,44.54,0.0,-44.54,0,0
17384,57.06,57.06,0.0,0,0
17385,55.98,55.93,-0.04999999999999716,0,0
17386,52.38,51.43,-0.9500000000000028,0,0
17391,47.72,43.09,-4.6299999999999955,0,0
17392,51.78,50.55,-1.230000000000004,0,0
17393,83.95,81.98,-1.9699999999999989,0,0
17394,57.07,57.07,0.0,0,0
17395,56.79,56.78,-0.00999999999999801,0,0
17396,57.13,57.13,0.0,0,0
17397,40.33,0.0,-40.33,0,0
17398,56.94,56.94,0.0,0,0
17399,56.82,56.81,-0.00999999999999801,0,0
17400,87.29,87.29,0.0,0,0
17401,87.24,87.23,-0.009999999999990905,0,0
17402,88.46,88.46,0.0,0,0
17403,84.11,83.27,-0.8400000000000034,0,0
17404,89.28,89.28,0.0,0,0
17405,84.0,82.76,-1.2399999999999949,0,0
17406,57.09,57.09,0.0,0,0
17407,55.36,55.24,-0.11999999999999744,0,0
17409,55.52,55.43,-0.09000000000000341,0,0
17410,56.89,56.89,0.0,0,0
17411,79.51,76.52,-2.990000000000009,0,0
17412,56.58,56.57,-0.00999999999999801,0,0
17413,57.1,57.1,0.0,0,0
17414,57.04,57.04,0.0,0,0
17415,57.07,57.07,0.0,0,0
17416,88.29,88.29,0.0,0,0
17420,52.63,51.78,-0.8500000000000014,0,0
17421,87.44,87.38,-0.060000000000002274,0,0
17423,57.1,57.1,0.0,0,0
17424,87.7,87.68,-0.01999999999999602,0,0
17425,56.96,56.96,0.0,0,0
17428,56.7,56.69,-0.010000000000005116,0,0
17429,57.0,57.0,0.0,0,0
17509,56.72,56.71,-0.00999999999999801,0,0
17510,56.64,56.64,0.0,0,0
17512,54.46,54.18,-0.28000000000000114,0,0
17516,54.08,53.71,-0.36999999999999744,0,0
17517,56.95,56.94,-0.010000000000005116,0,0
17521,56.87,56.86,-0.00999999999999801,0,0
17522,56.86,56.86,0.0,0,0
17523,55.49,55.39,-0.10000000000000142,0,0
17524,56.7,56.69,-0.010000000000005116,0,0
17525,56.95,56.95,0.0,0,0
17526,55.69,55.61,-0.0799999999999983,0,0
17528,86.78,86.7,-0.0799999999999983,0,0
17545,56.86,56.86,0.0,0,0
17546,57.02,57.02,0.0,0,0
17547,56.54,56.53,-0.00999999999999801,0,0
17548,55.88,55.82,-0.060000000000002274,0,0
17549,56.8,56.8,0.0,0,0
17550,57.02,57.02,0.0,0,0
17551,0.0,0.0,0.0,0,0
17556,56.96,56.96,0.0,0,0
17557,54.76,54.54,-0.21999999999999886,0,0
17561,56.58,56.57,-0.00999999999999801,0,0
17562,56.08,56.04,-0.03999999999999915,0,0
17563,82.91,82.06,-0.8499999999999943,0,0
17565,56.8,56.8,0.0,0,0
17566,86.34,86.3,-0.04000000000000625,0,0
17567,91.21,91.21,0.0,0,0
17568,30.73,30.73,0.0,0,0
17569,30.47,30.47,0.0,0,0
17570,83.56,82.81,-0.75,0,0
17572,56.79,56.78,-0.00999999999999801,0,0
17573,54.69,54.46,-0.22999999999999687,0,0
17574,75.96,30.4,-45.559999999999995,0,0
17575,47.51,42.61,-4.899999999999999,0,0
17576,52.86,52.1,-0.759999999999998,0,0
17577,55.61,55.52,-0.0899999999999963,0,0
17578,56.86,56.86,0.0,0,0
17580,56.1,56.06,-0.03999999999999915,0,0
17581,57.03,57.03,0.0,0,0
17582,56.93,56.93,0.0,0,0
17590,52.38,51.43,-0.9500000000000028,0,0
17591,56.99,56.99,0.0,0,0
17592,57.03,57.03,0.0,0,0
17593,56.93,56.93,0.0,0,0
17594,56.64,56.64,0.0,0,0
17595,56.67,56.67,0.0,0,0
17596,56.88,56.87,-0.010000000000005116,0,0
17598,56.44,56.43,-0.00999999999999801,0,0
17599,55.9,55.84,-0.05999999999999517,0,0
17600,55.05,54.88,-0.1699999999999946,0,0
17602,51.43,50.0,-1.4299999999999997,0,0
17603,54.54,54.28,-0.259999999999998,0,0
17615,56.76,56.75,-0.00999999999999801,0,0
17616,55.05,54.88,-0.1699999999999946,0,0
17617,56.14,56.11,-0.030000000000001137,0,0
17619,55.05,54.88,-0.1699999999999946,0,0
17620,50.0,47.62,-2.3800000000000026,0,0
17621,80.95,78.57,-2.3800000000000097,0,0
17622,55.36,55.24,-0.11999999999999744,0,0
17623,55.76,55.69,-0.07000000000000028,0,0
17625,56.28,56.26,-0.020000000000003126,0,0
17626,86.33,86.28,-0.04999999999999716,0,0
17627,55.43,55.32,-0.10999999999999943,0,0
17628,44.72,0.0,-44.72,0,0
17629,56.97,56.97,0.0,0,0
17630,55.84,55.78,-0.060000000000002274,0,0
17632,52.63,51.78,-0.8500000000000014,0,0
17633,53.57,53.06,-0.509999999999998,0,0
17634,47.29,42.1,-5.189999999999998,0,0
17635,54.88,54.69,-0.19000000000000483,0,0
17636,56.67,56.67,0.0,0,0
17637,55.46,55.36,-0.10000000000000142,0,0
17642,55.84,55.78,-0.060000000000002274,0,0
17643,56.92,56.92,0.0,0,0
17644,56.67,56.67,0.0,0,0
17646,52.86,52.1,-0.759999999999998,0,0
17647,51.43,50.0,-1.4299999999999997,0,0
17649,83.45,82.02,-1.4300000000000068,0,0
17650,55.88,55.82,-0.060000000000002274,0,0
17651,55.86,55.8,-0.060000000000002274,0,0
17654,57.11,57.11,0.0,0,0
17655,57.09,57.09,0.0,0,0
17656,53.57,53.06,-0.509999999999998,0,0
17657,49.62,46.94,-2.6799999999999997,0,0
17658,57.0,57.0,0.0,0,0
17660,57.05,57.05,0.0,0,0
17661,82.64,81.56,-1.0799999999999983,0,0
17662,56.88,56.88,0.0,0,0
17663,50.55,48.57,-1.9799999999999969,0,0
17665,73.16,30.3,-42.86,0,0
17666,56.72,56.71,-0.00999999999999801,0,0
17667,56.8,56.8,0.0,0,0
17668,56.77,56.77,0.0,0,0
17669,86.8,86.43,-0.36999999999999034,0,0
17670,56.79,56.78,-0.00999999999999801,0,0
17671,56.77,56.77,0.0,0,0
17673,56.67,56.67,0.0,0,0
17674,56.64,56.64,0.0,0,0
17676,88.14,88.13,-0.010000000000005116,0,0
17677,57.02,57.02,0.0,0,0
17678,57.07,57.06,-0.00999999999999801,0,0
17679,56.84,56.83,-0.010000000000005116,0,0
17680,56.86,56.86,0.0,0,0
17681,56.77,56.77,0.0,0,0
17682,56.96,56.95,-0.00999999999999801,0,0
17683,56.85,56.85,0.0,0,0
17684,56.74,56.73,-0.010000000000005116,0,0
17685,54.94,54.76,-0.17999999999999972,0,0
17686,54.38,54.08,-0.30000000000000426,0,0
17687,56.31,56.28,-0.030000000000001137,0,0
17688,56.64,56.64,0.0,0,0
17689,56.2,56.17,-0.030000000000001137,0,0
17690,56.3,56.28,-0.01999999999999602,0,0
17691,84.21,83.46,-0.75,0,0
17692,55.32,55.19,-0.13000000000000256,0,0
17693,56.98,56.98,0.0,0,0
17694,55.82,55.76,-0.060000000000002274,0,0
17695,87.07,87.06,-0.009999999999990905,0,0
17696,56.79,56.78,-0.00999999999999801,0,0
17697,55.55,55.46,-0.0899999999999963,0,0
17698,54.38,54.08,-0.30000000000000426,0,0
17699,57.09,57.09,0.0,0,0
17700,56.9,56.9,0.0,0,0
17702,56.21,56.18,-0.030000000000001137,0,0
17703,56.67,56.67,0.0,0,0
17706,44.15,0.0,-44.15,0,0
17707,56.98,56.97,-0.00999999999999801,0,0
17708,52.63,51.78,-0.8500000000000014,0,0
17709,56.64,56.64,0.0,0,0
17710,54.38,54.08,-0.30000000000000426,0,0
17711,56.97,56.97,0.0,0,0
17712,56.95,56.94,-0.010000000000005116,0,0
17713,56.99,56.99,0.0,0,0
17714,87.9,87.9,0.0,0,0
17717,54.08,53.71,-0.36999999999999744,0,0
17736,56.31,56.28,-0.030000000000001137,0,0
17737,56.76,56.75,-0.00999999999999801,0,0
17738,79.5,76.58,-2.9200000000000017,0,0
17739,56.88,56.88,0.0,0,0
17740,56.83,56.82,-0.00999999999999801,0,0
17742,88.62,88.61,-0.010000000000005116,0,0
17743,87.07,87.07,0.0,0,0
17745,56.58,56.57,-0.00999999999999801,0,0
17746,56.99,56.99,0.0,0,0
17747,55.8,55.74,-0.05999999999999517,0,0
17748,56.88,56.87,-0.010000000000005116,0,0
17749,56.89,56.89,0.0,0,0
17752,55.71,55.64,-0.07000000000000028,0,0
17753,56.86,56.86,0.0,0,0
17761,55.0,54.82,-0.17999999999999972,0,0
17762,85.5,85.38,-0.12000000000000455,0,0
17766,56.7,56.69,-0.010000000000005116,0,0
17767,86.75,86.73,-0.01999999999999602,0,0
17768,89.2,89.16,-0.04000000000000625,0,0
17769,55.82,55.76,-0.060000000000002274,0,0
17770,56.03,55.98,-0.05000000000000426,0,0
17771,56.11,56.07,-0.03999999999999915,0,0
17772,76.98,31.58,-45.400000000000006,0,0
17773,45.24,0.0,-45.24,0,0
17774,86.5,86.07,-0.4300000000000068,0,0
17775,56.9,56.9,0.0,0,0
17776,56.12,56.08,-0.03999999999999915,0,0
17777,56.44,56.43,-0.00999999999999801,0,0
17778,56.97,56.97,0.0,0,0
17779,86.83,86.78,-0.04999999999999716,0,0
17780,56.54,56.53,-0.00999999999999801,0,0
17781,87.19,87.16,-0.030000000000001137,0,0
17782,56.79,56.78,-0.00999999999999801,0,0
17783,55.61,55.52,-0.0899999999999963,0,0
17784,56.83,56.82,-0.00999999999999801,0,0
17785,86.32,86.14,-0.1799999999999926,0,0
17786,55.88,55.82,-0.060000000000002274,0,0
17787,84.59,84.08,-0.5100000000000051,0,0
17789,50.55,48.57,-1.9799999999999969,0,0
17793,56.83,56.82,-0.00999999999999801,0,0
17794,56.76,56.75,-0.00999999999999801,0,0
17795,56.93,56.93,0.0,0,0
17796,54.38,54.08,-0.30000000000000426,0,0
17800,53.41,83.13,29.72,1,0
17801,55.24,55.1,-0.14000000000000057,0,0
17802,85.55,85.38,-0.1700000000000017,0,0
17804,55.0,54.82,-0.17999999999999972,0,0
17805,55.15,55.0,-0.14999999999999858,0,0
17806,54.18,53.84,-0.3399999999999963,0,0
17811,84.46,84.14,-0.3199999999999932,0,0
17834,54.08,53.71,-0.36999999999999744,0,0
17835,51.02,49.35,-1.6700000000000017,0,0
17836,55.55,55.46,-0.0899999999999963,0,0
17839,53.57,53.06,-0.509999999999998,0,0
17840,30.4,31.5,1.1000000000000014,1,0
17841,56.99,56.98,-0.010000000000005116,0,0
17842,54.54,54.28,-0.259999999999998,0,0
17843,43.32,0.0,-43.32,0,0
17844,46.69,40.66,-6.030000000000001,0,0
17845,46.43,0.0,-46.43,0,0
17846,49.81,47.29,-2.520000000000003,0,0
17847,40.97,0.0,-40.97,0,0
17848,55.39,55.28,-0.10999999999999943,0,0
17850,55.97,55.92,-0.04999999999999716,0,0
17851,46.94,41.27,-5.669999999999995,0,0
17852,53.71,53.25,-0.46000000000000085,0,0
17853,83.6,82.92,-0.6799999999999926,0,0
17854,53.84,53.41,-0.4300000000000068,0,0
17855,86.6,86.58,-0.01999999999999602,0,0
17856,54.88,54.69,-0.19000000000000483,0,0
17857,45.71,0.0,-45.71,0,0
17859,56.95,56.94,-0.010000000000005116,0,0
17860,52.86,52.1,-0.759999999999998,0,0
17861,45.71,0.0,-45.71,0,0
17862,55.78,55.71,-0.07000000000000028,0,0
17863,46.56,40.33,-6.230000000000004,0,0
17864,52.38,51.43,-0.9500000000000028,0,0
17865,44.35,0.0,-44.35,0,0
17866,55.78,55.71,-0.07000000000000028,0,0
17867,51.78,50.55,-1.230000000000004,0,0
17868,55.66,55.58,-0.0799999999999983,0,0
17869,55.15,55.0,-0.14999999999999858,0,0
17870,47.4,42.36,-5.039999999999999,0,0
17871,56.06,56.01,-0.05000000000000426,0,0
17874,87.03,87.02,-0.010000000000005116,0,0
17875,56.7,56.69,-0.010000000000005116,0,0
17877,56.54,56.53,-0.00999999999999801,0,0
17878,56.61,56.61,0.0,0,0
17879,56.54,56.53,-0.00999999999999801,0,0
17880,56.82,56.81,-0.00999999999999801,0,0
17881,56.97,56.97,0.0,0,0
17882,54.38,54.08,-0.30000000000000426,0,0
17883,54.82,54.62,-0.20000000000000284,0,0
17884,56.76,56.75,-0.00999999999999801,0,0
17885,56.11,56.07,-0.03999999999999915,0,0
17886,87.54,87.54,0.0,0,0
17887,87.33,87.33,0.0,0,0
17888,56.72,56.71,-0.00999999999999801,0,0
17889,53.41,52.86,-0.5499999999999972,0,0
17890,53.84,53.41,-0.4300000000000068,0,0
17891,41.27,0.0,-41.27,0,0
17892,52.86,52.1,-0.759999999999998,0,0
17893,49.49,46.69,-2.8000000000000043,0,0
17896,87.44,87.44,0.0,0,0
17897,56.38,56.36,-0.020000000000003126,0,0
17898,56.91,56.91,0.0,0,0
17899,86.58,86.39,-0.18999999999999773,0,0
17900,56.7,56.69,-0.010000000000005116,0,0
17901,48.21,44.15,-4.060000000000002,0,0
17902,52.86,52.1,-0.759999999999998,0,0
17903,44.35,0.0,-44.35,0,0
17904,56.64,56.64,0.0,0,0
17905,85.56,85.33,-0.23000000000000398,0,0
17906,84.17,83.61,-0.5600000000000023,0,0
17907,55.43,55.32,-0.10999999999999943,0,0
17908,50.11,47.82,-2.289999999999999,0,0
17909,49.35,46.43,-2.9200000000000017,0,0
17911,83.26,82.58,-0.6800000000000068,0,0
17912,56.8,56.8,0.0,0,0
17913,49.42,46.56,-2.8599999999999994,0,0
17917,56.79,56.78,-0.00999999999999801,0,0
17918,55.64,55.55,-0.09000000000000341,0,0
17919,54.18,53.84,-0.3399999999999963,0,0
17920,51.02,49.35,-1.6700000000000017,0,0
17921,56.99,56.99,0.0,0,0
17922,86.07,86.02,-0.04999999999999716,0,0
17923,51.43,50.0,-1.4299999999999997,0,0
17924,56.54,56.53,-0.00999999999999801,0,0
17925,53.41,52.86,-0.5499999999999972,0,0
17926,56.8,56.8,0.0,0,0
17927,56.8,56.8,0.0,0,0
17928,56.58,56.57,-0.00999999999999801,0,0
17929,50.5,48.48,-2.020000000000003,0,0
17930,77.98,73.09,-4.890000000000001,0,0
17931,53.84,53.41,-0.4300000000000068,0,0
17932,85.01,84.5,-0.5100000000000051,0,0
17936,86.7,86.68,-0.01999999999999602,0,0
17937,50.11,47.82,-2.289999999999999,0,0
17938,54.08,53.71,-0.36999999999999744,0,0
17939,54.18,53.84,-0.3399999999999963,0,0
17941,54.69,54.46,-0.22999999999999687,0,0
17946,54.76,54.54,-0.21999999999999886,0,0
17947,56.74,56.73,-0.010000000000005116,0,0
17949,87.0,86.99,-0.010000000000005116,0,0
17956,56.58,56.57,-0.00999999999999801,0,0
17957,56.86,56.86,0.0,0,0
17965,72.91,30.54,-42.37,0,0
17966,85.71,85.51,-0.19999999999998863,0,0
18076,0.0,0.0,0.0,0,0
18077,0.0,0.0,0.0,0,0
18078,88.31,88.26,-0.04999999999999716,0,0
18079,54.38,54.08,-0.30000000000000426,0,0
18085,54.82,54.62,-0.20000000000000284,0,0
18087,56.31,56.28,-0.030000000000001137,0,0
18089,56.64,56.64,0.0,0,0
18090,56.64,56.64,0.0,0,0
18091,79.3,75.54,-3.759999999999991,0,0
18093,87.63,87.63,0.0,0,0
18098,56.3,56.28,-0.01999999999999602,0,0
18099,49.75,47.17,-2.5799999999999983,0,0
18100,78.83,32.54,-46.29,0,0
18101,82.98,81.31,-1.6700000000000017,0,0
18102,44.54,0.0,-44.54,0,0
18103,57.09,57.09,0.0,0,0
18124,56.86,56.86,0.0,0,0
18125,56.61,56.61,0.0,0,0
18126,56.03,55.98,-0.05000000000000426,0,0
18127,55.1,54.94,-0.1600000000000037,0,0
18176,57.12,57.12,0.0,0,0
18177,99.96,99.96,0.0,0,0
18180,57.07,57.07,0.0,0,0
18181,43.09,0.0,-43.09,0,0
18182,56.83,56.82,-0.00999999999999801,0,0
18183,57.02,57.02,0.0,0,0
18184,56.61,56.61,0.0,0,0
18185,53.25,52.63,-0.6199999999999974,0,0
18186,51.43,50.0,-1.4299999999999997,0,0
18187,56.91,56.91,0.0,0,0
18189,56.97,56.97,0.0,0,0
18190,56.79,56.78,-0.00999999999999801,0,0
18191,56.88,56.87,-0.010000000000005116,0,0
18192,84.62,84.36,-0.2600000000000051,0,0
18194,55.71,55.64,-0.07000000000000028,0,0
18195,54.28,53.97,-0.3100000000000023,0,0
18196,56.91,56.9,-0.00999999999999801,0,0
18197,57.04,57.04,0.0,0,0
18208,72.47,30.1,-42.37,0,0
18213,56.67,56.67,0.0,0,0
18214,56.58,56.57,-0.00999999999999801,0,0
18215,56.44,56.43,-0.00999999999999801,0,0
18216,55.98,55.93,-0.04999999999999716,0,0
18218,56.58,56.57,-0.00999999999999801,0,0
18219,81.06,78.81,-2.25,0,0
18220,56.93,56.93,0.0,0,0
18221,87.27,87.26,-0.009999999999990905,0,0
18222,55.32,55.19,-0.13000000000000256,0,0
18225,56.8,56.8,0.0,0,0
18226,54.88,54.69,-0.19000000000000483,0,0
18227,81.24,78.44,-2.799999999999997,0,0
18228,56.95,56.94,-0.010000000000005116,0,0
18229,55.58,55.49,-0.0899999999999963,0,0
18230,56.44,56.43,-0.00999999999999801,0,0
18231,56.28,56.26,-0.020000000000003126,0,0
18232,55.86,55.8,-0.060000000000002274,0,0
18233,52.86,52.1,-0.759999999999998,0,0
18234,56.96,56.96,0.0,0,0
18235,57.1,57.1,0.0,0,0
18236,84.73,84.43,-0.29999999999999716,0,0
18237,54.08,53.71,-0.36999999999999744,0,0
18238,54.82,54.62,-0.20000000000000284,0,0
18239,57.05,57.05,0.0,0,0
18240,56.93,56.93,0.0,0,0
18241,55.46,55.36,-0.10000000000000142,0,0
18242,80.87,78.82,-2.0500000000000114,0,0
18243,56.67,56.67,0.0,0,0
18244,84.41,83.85,-0.5600000000000023,0,0
18245,56.38,56.36,-0.020000000000003126,0,0
18246,80.1,77.41,-2.6899999999999977,0,0
18247,56.11,56.07,-0.03999999999999915,0,0
18248,53.71,53.25,-0.46000000000000085,0,0
18249,87.63,87.62,-0.009999999999990905,0,0
18250,55.61,55.52,-0.0899999999999963,0,0
18251,56.85,56.85,0.0,0,0
18252,55.95,55.9,-0.05000000000000426,0,0
18253,0.0,0.0,0.0,0,0
18254,0.0,0.0,0.0,0,0
18255,56.99,56.99,0.0,0,0
18256,56.96,56.95,-0.00999999999999801,0,0
18257,56.77,56.77,0.0,0,0
18260,55.52,55.43,-0.09000000000000341,0,0
18261,56.7,56.69,-0.010000000000005116,0,0
18262,56.74,56.73,-0.010000000000005116,0,0
18263,56.44,56.43,-0.00999999999999801,0,0
18264,56.85,56.85,0.0,0,0
18265,57.09,57.09,0.0,0,0
18267,54.28,53.97,-0.3100000000000023,0,0
18268,56.18,56.14,-0.03999999999999915,0,0
18269,0.0,0.0,0.0,0,0
18294,56.8,56.8,0.0,0,0
18295,30.03,31.19,1.1600000000000001,1,0
18296,56.2,56.17,-0.030000000000001137,0,0
18297,55.39,55.28,-0.10999999999999943,0,0
18298,56.16,56.12,-0.03999999999999915,0,0
18299,55.43,55.32,-0.10999999999999943,0,0
18302,55.9,55.84,-0.05999999999999517,0,0
18303,54.82,54.62,-0.20000000000000284,0,0
18396,47.51,42.61,-4.899999999999999,0,0
18397,55.86,55.8,-0.060000000000002274,0,0
18398,53.71,53.25,-0.46000000000000085,0,0
18400,42.61,0.0,-42.61,0,0
18401,55.58,55.49,-0.0899999999999963,0,0
18402,30.91,30.91,0.0,0,0
18403,53.06,52.38,-0.6799999999999997,0,0
18404,99.13,99.12,-0.009999999999990905,0,0
18405,56.85,56.85,0.0,0,0
18406,56.18,56.14,-0.03999999999999915,0,0
18407,55.98,55.93,-0.04999999999999716,0,0
18408,56.58,56.57,-0.00999999999999801,0,0
18409,56.1,56.06,-0.03999999999999915,0,0
18410,0.0,0.0,0.0,0,0
18411,56.64,56.64,0.0,0,0
18412,56.61,56.61,0.0,0,0
18413,87.42,87.41,-0.010000000000005116,0,0
18414,50.11,47.82,-2.289999999999999,0,0
18422,42.36,0.0,-42.36,0,0
18423,48.57,44.9,-3.6700000000000017,0,0
18424,45.24,0.0,-45.24,0,0
18425,84.37,83.86,-0.5100000000000051,0,0
18426,85.63,85.53,-0.09999999999999432,0,0
18427,42.36,0.0,-42.36,0,0
18428,53.41,52.86,-0.5499999999999972,0,0
18429,56.38,56.36,-0.020000000000003126,0,0
18430,56.76,56.75,-0.00999999999999801,0,0
18431,43.54,0.0,-43.54,0,0
18432,49.49,46.69,-2.8000000000000043,0,0
18434,52.1,51.02,-1.0799999999999983,0,0
18435,52.63,51.78,-0.8500000000000014,0,0
18436,51.43,50.0,-1.4299999999999997,0,0
18437,54.54,54.28,-0.259999999999998,0,0
18438,75.08,30.93,-44.15,0,0
18439,86.87,86.85,-0.020000000000010232,0,0
18440,53.57,53.06,-0.509999999999998,0,0
18441,55.24,55.1,-0.14000000000000057,0,0
18442,55.92,55.86,-0.060000000000002274,0,0
18443,55.39,55.28,-0.10999999999999943,0,0
18444,52.38,51.43,-0.9500000000000028,0,0
18445,0.0,0.0,0.0,0,0
18446,0.0,0.0,0.0,0,0
18447,0.0,0.0,0.0,0,0
18448,0.0,0.0,0.0,0,0
18449,47.82,43.32,-4.5,0,0
18450,41.27,0.0,-41.27,0,0
18451,47.4,42.36,-5.039999999999999,0,0
18452,56.31,56.28,-0.030000000000001137,0,0
18453,56.12,56.08,-0.03999999999999915,0,0
18454,55.76,55.69,-0.07000000000000028,0,0
18455,56.38,56.36,-0.020000000000003126,0,0
18456,54.28,53.97,-0.3100000000000023,0,0
18458,52.38,51.43,-0.9500000000000028,0,0
18459,56.61,56.61,0.0,0,0
18460,56.18,56.14,-0.03999999999999915,0,0
18461,56.54,56.53,-0.00999999999999801,0,0
18462,55.61,55.52,-0.0899999999999963,0,0
18464,86.26,86.22,-0.04000000000000625,0,0
18465,53.06,52.38,-0.6799999999999997,0,0
18466,56.9,56.9,0.0,0,0
18467,77.35,72.01,-5.339999999999989,0,0
18468,55.61,55.52,-0.0899999999999963,0,0
18469,0.0,0.0,0.0,0,0
18470,40.66,0.0,-40.66,0,0
18471,47.62,42.85,-4.769999999999996,0,0
18472,56.04,56.0,-0.03999999999999915,0,0
18474,0.0,0.0,0.0,0,0
18475,84.99,84.73,-0.2599999999999909,0,0
18476,78.38,74.42,-3.9599999999999937,0,0
18477,57.02,57.02,0.0,0,0
18478,55.93,55.88,-0.04999999999999716,0,0
18479,47.4,42.36,-5.039999999999999,0,0
18480,50.79,48.98,-1.8100000000000023,0,0
18481,53.41,52.86,-0.5499999999999972,0,0
18530,83.8,82.95,-0.8499999999999943,0,0
18531,87.89,87.85,-0.04000000000000625,0,0
18532,54.46,54.18,-0.28000000000000114,0,0
18533,56.96,56.95,-0.00999999999999801,0,0
18534,57.03,57.03,0.0,0,0
18535,56.88,56.87,-0.010000000000005116,0,0
18536,56.61,56.61,0.0,0,0
18537,87.39,87.39,0.0,0,0
18538,54.88,54.69,-0.19000000000000483,0,0
18539,54.88,54.69,-0.19000000000000483,0,0
18540,54.54,54.28,-0.259999999999998,0,0
18541,55.8,55.74,-0.05999999999999517,0,0
18542,56.82,56.81,-0.00999999999999801,0,0
18543,48.3,44.35,-3.9499999999999957,0,0
18544,49.94,47.51,-2.4299999999999997,0,0
18545,55.86,55.8,-0.060000000000002274,0,0
18546,72.69,30.33,-42.36,0,0
18547,56.01,55.97,-0.03999999999999915,0,0
18548,89.5,89.5,0.0,0,0
18549,47.06,41.56,-5.5,0,0
18550,56.2,56.17,-0.030000000000001137,0,0
18551,47.62,42.85,-4.769999999999996,0,0
18552,55.1,54.94,-0.1600000000000037,0,0
18553,56.14,56.11,-0.030000000000001137,0,0
18555,86.46,86.42,-0.03999999999999204,0,0
18556,83.63,82.2,-1.4299999999999926,0,0
18561,56.38,56.36,-0.020000000000003126,0,0
18562,43.54,0.0,-43.54,0,0
18563,56.54,56.53,-0.00999999999999801,0,0
18564,44.9,0.0,-44.9,0,0
18565,48.21,44.15,-4.060000000000002,0,0
18566,54.38,54.08,-0.30000000000000426,0,0
18567,56.76,56.75,-0.00999999999999801,0,0
18568,57.02,57.02,0.0,0,0
18569,56.17,56.13,-0.03999999999999915,0,0
18572,57.01,57.01,0.0,0,0
18575,98.39,98.33,-0.060000000000002274,0,0
18576,98.4,98.35,-0.05000000000001137,0,0
18578,56.64,56.64,0.0,0,0
18585,53.41,52.86,-0.5499999999999972,0,0
18586,86.84,86.72,-0.12000000000000455,0,0
18587,74.03,30.5,-43.53,0,0
18588,85.71,85.5,-0.20999999999999375,0,0
18589,87.07,86.97,-0.09999999999999432,0,0
18590,55.46,55.36,-0.10000000000000142,0,0
18591,55.88,55.82,-0.060000000000002274,0,0
18592,55.32,55.19,-0.13000000000000256,0,0
18593,56.99,56.99,0.0,0,0
18594,53.41,52.86,-0.5499999999999972,0,0
18595,56.28,56.25,-0.030000000000001137,0,0
18596,86.25,86.12,-0.12999999999999545,0,0
18597,86.33,86.21,-0.12000000000000455,0,0
18598,51.02,49.35,-1.6700000000000017,0,0
18599,87.17,87.17,0.0,0,0
18600,49.13,46.01,-3.1200000000000045,0,0
18601,57.0,57.0,0.0,0,0
18602,56.83,56.82,-0.00999999999999801,0,0
18603,88.31,88.3,-0.010000000000005116,0,0
18604,56.64,56.64,0.0,0,0
18605,56.85,56.85,0.0,0,0
18606,56.93,56.93,0.0,0,0
18608,87.44,87.42,-0.01999999999999602,0,0
18609,30.13,30.13,0.0,0,0
18610,57.01,57.01,0.0,0,0
18611,57.0,57.0,0.0,0,0
18612,56.93,56.93,0.0,0,0
18613,55.49,55.39,-0.10000000000000142,0,0
18614,53.84,53.41,-0.4300000000000068,0,0
18617,56.64,56.64,0.0,0,0
18618,57.03,57.03,0.0,0,0
18619,87.14,87.08,-0.060000000000002274,0,0
18620,88.55,88.55,0.0,0,0
18621,88.67,88.67,0.0,0,0
18622,86.1,86.0,-0.09999999999999432,0,0
18623,52.63,51.78,-0.8500000000000014,0,0
18624,53.84,53.41,-0.4300000000000068,0,0
18626,53.25,52.63,-0.6199999999999974,0,0
18629,86.04,85.97,-0.07000000000000739,0,0
18630,56.76,56.75,-0.00999999999999801,0,0
18631,56.64,56.64,0.0,0,0
18632,53.06,52.38,-0.6799999999999997,0,0
18633,56.25,56.22,-0.030000000000001137,0,0
18639,56.2,56.17,-0.030000000000001137,0,0
18640,54.54,54.28,-0.259999999999998,0,0
18641,56.82,56.81,-0.00999999999999801,0,0
18642,57.03,57.03,0.0,0,0
18643,56.91,56.9,-0.00999999999999801,0,0
18644,88.03,88.02,-0.010000000000005116,0,0
18645,87.63,87.63,0.0,0,0
18646,53.57,53.06,-0.509999999999998,0,0
18648,56.44,56.43,-0.00999999999999801,0,0
18650,56.88,56.87,-0.010000000000005116,0,0
18651,56.99,56.99,0.0,0,0
18652,56.64,56.64,0.0,0,0
18653,56.99,56.98,-0.010000000000005116,0,0
18654,86.06,85.99,-0.07000000000000739,0,0
18655,56.7,56.69,-0.010000000000005116,0,0
18656,56.88,56.88,0.0,0,0
18657,83.03,82.18,-0.8499999999999943,0,0
18658,54.88,54.69,-0.19000000000000483,0,0
18660,56.7,56.69,-0.010000000000005116,0,0
18661,56.8,56.8,0.0,0,0
18662,56.14,56.11,-0.030000000000001137,0,0
18693,55.0,54.82,-0.17999999999999972,0,0
18699,76.53,30.82,-45.71,0,0
18700,86.72,86.71,-0.010000000000005116,0,0
18701,87.53,87.53,0.0,0,0
18702,87.49,87.48,-0.009999999999990905,0,0
18705,86.2,86.11,-0.09000000000000341,0,0
18706,87.78,87.74,-0.04000000000000625,0,0
18707,57.06,57.06,0.0,0,0
18710,54.08,53.71,-0.36999999999999744,0,0
18711,0.0,0.0,0.0,0,0
18712,57.07,57.07,0.0,0,0
18716,56.96,56.96,0.0,0,0
18717,56.87,56.86,-0.00999999999999801,0,0
18718,88.09,88.09,0.0,0,0
18719,57.05,57.05,0.0,0,0
18722,87.46,87.46,0.0,0,0
18723,87.87,87.86,-0.010000000000005116,0,0
18724,57.06,57.06,0.0,0,0
18726,56.54,56.53,-0.00999999999999801,0,0
18759,56.31,56.28,-0.030000000000001137,0,0
18765,88.2,88.14,-0.060000000000002274,0,0
18774,82.47,80.5,-1.9699999999999989,0,0
18775,55.74,55.66,-0.0800000000000054,0,0
18776,56.5,56.48,-0.020000000000003126,0,0
18778,84.32,83.92,-0.3999999999999915,0,0
18779,85.96,85.88,-0.0799999999999983,0,0
18780,55.98,55.93,-0.04999999999999716,0,0
18781,56.16,56.12,-0.03999999999999915,0,0
18810,0.0,0.0,0.0,0,0
18841,56.61,56.61,0.0,0,0
18847,56.83,56.82,-0.00999999999999801,0,0
18848,56.01,55.97,-0.03999999999999915,0,0
18849,0.0,0.0,0.0,0,0
18877,56.92,56.92,0.0,0,0
18878,54.28,53.97,-0.3100000000000023,0,0
18879,99.69,99.69,0.0,0,0
18884,56.74,56.73,-0.010000000000005116,0,0
18885,56.72,56.71,-0.00999999999999801,0,0
18886,48.57,44.9,-3.6700000000000017,0,0
18888,86.83,86.81,-0.01999999999999602,0,0
18889,57.02,57.02,0.0,0,0
18891,54.69,54.46,-0.22999999999999687,0,0
18892,48.48,44.72,-3.759999999999998,0,0
18906,55.98,55.93,-0.04999999999999716,0,0
18907,54.46,54.18,-0.28000000000000114,0,0
18908,86.08,86.01,-0.06999999999999318,0,0
18909,56.19,56.16,-0.030000000000001137,0,0
18910,0.0,0.0,0.0,0,0
18928,56.74,56.73,-0.010000000000005116,0,0
18929,55.49,55.39,-0.10000000000000142,0,0
18930,56.96,56.96,0.0,0,0
18932,57.0,57.0,0.0,0,0
18933,57.06,57.06,0.0,0,0
18934,51.43,50.0,-1.4299999999999997,0,0
18935,56.61,56.61,0.0,0,0
18937,56.27,56.24,-0.030000000000001137,0,0
18938,52.38,51.43,-0.9500000000000028,0,0
18939,86.75,86.72,-0.030000000000001137,0,0
18940,88.95,88.93,-0.01999999999999602,0,0
18963,56.77,56.77,0.0,0,0
18984,0.0,0.0,0.0,0,0
18986,0.0,0.0,0.0,0,0
18987,72.12,72.12,0.0,0,0
18989,72.22,72.22,0.0,0,0
18993,56.76,56.75,-0.00999999999999801,0,0
18994,56.64,56.64,0.0,0,0
18995,56.97,56.97,0.0,0,0
19007,85.71,85.25,-0.45999999999999375,0,0
19015,56.88,56.87,-0.010000000000005116,0,0
19016,84.97,84.46,-0.5100000000000051,0,0
19017,56.54,56.53,-0.00999999999999801,0,0
19018,56.38,56.36,-0.020000000000003126,0,0
19019,81.85,78.51,-3.339999999999989,0,0
19021,57.1,57.1,0.0,0,0
19022,57.01,57.01,0.0,0,0
19023,56.54,56.53,-0.00999999999999801,0,0
19026,57.01,57.01,0.0,0,0
19027,56.58,56.57,-0.00999999999999801,0,0
19028,56.44,56.43,-0.00999999999999801,0,0
19029,56.85,56.85,0.0,0,0
19030,56.76,56.75,-0.00999999999999801,0,0
19031,56.8,56.8,0.0,0,0
19032,56.7,56.69,-0.010000000000005116,0,0
19033,56.96,56.96,0.0,0,0
19034,56.88,56.88,0.0,0,0
19035,56.72,56.71,-0.00999999999999801,0,0
19036,56.82,56.81,-0.00999999999999801,0,0
19037,56.7,56.69,-0.010000000000005116,0,0
19038,56.7,56.69,-0.010000000000005116,0,0
19039,55.78,55.71,-0.07000000000000028,0,0
19040,51.43,50.0,-1.4299999999999997,0,0
19041,55.43,55.32,-0.10999999999999943,0,0
19042,88.2,88.2,0.0,0,0
19043,54.46,54.18,-0.28000000000000114,0,0
19044,57.07,57.07,0.0,0,0
19045,87.36,87.3,-0.060000000000002274,0,0
19047,56.44,56.43,-0.00999999999999801,0,0
19048,86.69,86.46,-0.23000000000000398,0,0
19049,56.28,56.25,-0.030000000000001137,0,0
19056,56.17,56.13,-0.03999999999999915,0,0
19057,83.79,83.23,-0.5600000000000023,0,0
19078,56.03,55.98,-0.05000000000000426,0,0
19079,80.3,78.0,-2.299999999999997,0,0
19080,50.55,48.57,-1.9799999999999969,0,0
19081,55.1,54.94,-0.1600000000000037,0,0
19082,54.18,53.84,-0.3399999999999963,0,0
19083,86.33,86.29,-0.03999999999999204,0,0
19084,87.12,87.11,-0.010000000000005116,0,0
19085,86.46,86.44,-0.01999999999999602,0,0
19086,84.67,84.28,-0.39000000000000057,0,0
19087,84.9,84.67,-0.23000000000000398,0,0
19089,82.3,79.92,-2.3799999999999955,0,0
19090,85.36,84.99,-0.37000000000000455,0,0
19091,80.37,76.79,-3.5799999999999983,0,0
19092,55.95,55.9,-0.05000000000000426,0,0
19093,56.72,56.71,-0.00999999999999801,0,0
19094,56.38,56.36,-0.020000000000003126,0,0
19095,55.39,55.28,-0.10999999999999943,0,0
19100,0.0,0.0,0.0,0,0
19101,56.72,56.71,-0.00999999999999801,0,0
19102,55.24,55.1,-0.14000000000000057,0,0
19108,56.38,56.36,-0.020000000000003126,0,0
19109,56.54,56.53,-0.00999999999999801,0,0
19110,31.06,31.06,0.0,0,0
19111,87.13,87.12,-0.009999999999990905,0,0
19113,56.83,56.82,-0.00999999999999801,0,0
19114,44.35,0.0,-44.35,0,0
19120,52.1,51.02,-1.0799999999999983,0,0
19121,55.49,55.39,-0.10000000000000142,0,0
19122,56.94,56.94,0.0,0,0
19123,47.51,42.61,-4.899999999999999,0,0
19125,56.38,56.36,-0.020000000000003126,0,0
19132,48.3,44.35,-3.9499999999999957,0,0
19133,50.44,48.4,-2.039999999999999,0,0
19134,53.84,53.41,-0.4300000000000068,0,0
19135,80.01,76.59,-3.4200000000000017,0,0
19136,54.69,54.46,-0.22999999999999687,0,0
19137,55.84,55.78,-0.060000000000002274,0,0
19138,52.38,51.43,-0.9500000000000028,0,0
19139,55.1,54.94,-0.1600000000000037,0,0
19141,0.0,0.0,0.0,0,0
19142,56.31,56.28,-0.030000000000001137,0,0
19143,0.0,0.0,0.0,0,0
19144,57.05,57.05,0.0,0,0
19145,87.31,87.31,0.0,0,0
19146,86.67,86.62,-0.04999999999999716,0,0
19149,57.12,57.12,0.0,0,0
19150,57.06,57.06,0.0,0,0
19158,87.48,87.48,0.0,0,0
19161,53.57,53.06,-0.509999999999998,0,0
19165,55.39,55.28,-0.10999999999999943,0,0
19167,55.46,55.36,-0.10000000000000142,0,0
19168,54.54,54.28,-0.259999999999998,0,0
19169,0.0,0.0,0.0,0,0
19170,0.0,0.0,0.0,0,0
19171,0.0,0.0,0.0,0,0
19172,0.0,0.0,0.0,0,0
19175,56.31,56.28,-0.030000000000001137,0,0
19176,56.38,56.36,-0.020000000000003126,0,0
19178,47.82,43.32,-4.5,0,0
19179,80.77,78.78,-1.9899999999999949,0,0
19180,52.63,51.78,-0.8500000000000014,0,0
19181,83.52,82.91,-0.6099999999999994,0,0
19182,44.15,0.0,-44.15,0,0
19183,0.0,0.0,0.0,0,0
19185,52.63,51.78,-0.8500000000000014,0,0
19186,56.84,56.83,-0.010000000000005116,0,0
19189,55.93,55.88,-0.04999999999999716,0,0
19190,0.0,0.0,0.0,0,0
19193,52.1,51.02,-1.0799999999999983,0,0
19194,56.97,56.97,0.0,0,0
19195,56.44,56.43,-0.00999999999999801,0,0
19196,54.88,54.69,-0.19000000000000483,0,0
19197,41.83,0.0,-41.83,0,0
19198,44.72,0.0,-44.72,0,0
19199,55.0,54.82,-0.17999999999999972,0,0
19200,56.54,56.53,-0.00999999999999801,0,0
19201,56.0,55.95,-0.04999999999999716,0,0
19202,86.49,86.46,-0.030000000000001137,0,0
19203,51.78,50.55,-1.230000000000004,0,0
19204,49.56,46.81,-2.75,0,0
19205,56.44,56.43,-0.00999999999999801,0,0
19206,56.91,56.91,0.0,0,0
19207,55.76,55.69,-0.07000000000000028,0,0
19208,54.08,53.71,-0.36999999999999744,0,0
19209,54.08,53.71,-0.36999999999999744,0,0
19210,55.8,55.74,-0.05999999999999517,0,0
19211,56.24,56.21,-0.030000000000001137,0,0
19213,83.33,82.38,-0.9500000000000028,0,0
19217,57.13,57.13,0.0,0,0
19218,54.18,53.84,-0.3399999999999963,0,0
19220,50.34,48.21,-2.1300000000000026,0,0
19221,47.17,41.83,-5.340000000000003,0,0
19224,54.82,54.62,-0.20000000000000284,0,0
19225,56.64,56.64,0.0,0,0
19233,47.92,43.54,-4.380000000000003,0,0
19234,46.56,40.33,-6.230000000000004,0,0
19235,57.0,57.0,0.0,0,0
19236,56.9,56.9,0.0,0,0
19237,54.69,54.46,-0.22999999999999687,0,0
19238,55.28,55.15,-0.13000000000000256,0,0
19239,48.02,43.75,-4.270000000000003,0,0
19240,43.96,0.0,-43.96,0,0
19241,45.56,0.0,-45.56,0,0
19242,56.24,56.21,-0.030000000000001137,0,0
19243,49.06,45.86,-3.200000000000003,0,0
19244,48.82,45.4,-3.4200000000000017,0,0
19245,55.39,55.28,-0.10999999999999943,0,0
19267,52.86,52.1,-0.759999999999998,0,0
19268,55.71,55.64,-0.07000000000000028,0,0
19269,55.78,55.71,-0.07000000000000028,0,0
19271,55.66,55.58,-0.0799999999999983,0,0
19272,55.52,55.43,-0.09000000000000341,0,0
19273,57.08,57.08,0.0,0,0
19279,56.64,56.64,0.0,0,0
19290,56.72,56.71,-0.00999999999999801,0,0
19293,55.9,55.84,-0.05999999999999517,0,0
19301,47.92,43.54,-4.380000000000003,0,0
19302,77.13,30.84,-46.28999999999999,0,0
19313,56.5,56.48,-0.020000000000003126,0,0
19314,54.94,54.76,-0.17999999999999972,0,0
19315,57.0,57.0,0.0,0,0
19316,57.02,57.02,0.0,0,0
19317,51.78,50.55,-1.230000000000004,0,0
19318,88.02,88.01,-0.009999999999990905,0,0
19319,56.64,56.64,0.0,0,0
19328,56.64,56.64,0.0,0,0
19329,87.26,87.24,-0.020000000000010232,0,0
19330,54.54,54.28,-0.259999999999998,0,0
19331,55.43,55.32,-0.10999999999999943,0,0
19332,52.63,51.78,-0.8500000000000014,0,0
19333,56.99,56.99,0.0,0,0
19334,83.41,82.73,-0.6799999999999926,0,0
19335,87.43,87.42,-0.010000000000005116,0,0
19336,83.07,81.09,-1.9799999999999898,0,0
19338,53.84,53.41,-0.4300000000000068,0,0
19339,55.71,55.64,-0.07000000000000028,0,0
19340,56.18,56.14,-0.03999999999999915,0,0
19341,48.3,44.35,-3.9499999999999957,0,0
19342,56.84,56.83,-0.010000000000005116,0,0
19343,41.56,0.0,-41.56,0,0
19344,85.72,85.64,-0.0799999999999983,0,0
19393,87.2,87.2,0.0,0,0
19402,56.44,56.43,-0.00999999999999801,0,0
19407,85.94,85.87,-0.06999999999999318,0,0
19408,55.71,55.64,-0.07000000000000028,0,0
19428,85.37,85.16,-0.21000000000000796,0,0
19429,56.01,55.97,-0.03999999999999915,0,0
19434,56.86,56.86,0.0,0,0
19435,55.46,55.36,-0.10000000000000142,0,0
19438,56.61,56.61,0.0,0,0
19439,56.54,56.53,-0.00999999999999801,0,0
19440,85.67,85.5,-0.1700000000000017,0,0
19441,56.92,56.91,-0.010000000000005116,0,0
19442,56.98,56.98,0.0,0,0
19443,56.16,56.12,-0.03999999999999915,0,0
19444,55.0,54.82,-0.17999999999999972,0,0
19445,54.76,54.54,-0.21999999999999886,0,0
19450,56.87,56.86,-0.00999999999999801,0,0
19471,56.88,56.87,-0.010000000000005116,0,0
19472,47.17,41.83,-5.340000000000003,0,0
19500,53.06,52.38,-0.6799999999999997,0,0
19501,87.0,86.99,-0.010000000000005116,0,0
19502,55.64,55.55,-0.09000000000000341,0,0
19506,56.96,56.96,0.0,0,0
19507,87.57,87.57,0.0,0,0
19513,56.38,56.36,-0.020000000000003126,0,0
19514,55.76,55.69,-0.07000000000000028,0,0
19516,57.1,57.1,0.0,0,0
19532,56.54,56.53,-0.00999999999999801,0,0
19534,57.07,57.07,0.0,0,0
19535,57.12,57.12,0.0,0,0
19536,57.03,57.03,0.0,0,0
19537,55.92,55.86,-0.060000000000002274,0,0
19538,56.38,56.36,-0.020000000000003126,0,0
19539,55.64,55.55,-0.09000000000000341,0,0
19540,87.04,87.03,-0.010000000000005116,0,0
19541,56.38,56.36,-0.020000000000003126,0,0
19545,30.47,30.47,0.0,0,0
19546,0.0,0.0,0.0,0,0
19547,0.0,0.0,0.0,0,0
19548,56.03,55.98,-0.05000000000000426,0,0
19550,56.98,56.98,0.0,0,0
19551,57.08,57.08,0.0,0,0
19552,56.91,56.9,-0.00999999999999801,0,0
19553,86.12,86.08,-0.04000000000000625,0,0
19555,85.46,85.33,-0.12999999999999545,0,0
19556,57.08,57.08,0.0,0,0
19558,55.82,55.76,-0.060000000000002274,0,0
19559,84.39,84.0,-0.39000000000000057,0,0
19560,41.27,0.0,-41.27,0,0
19561,50.55,48.57,-1.9799999999999969,0,0
19562,56.87,56.86,-0.00999999999999801,0,0
19563,46.15,0.0,-46.15,0,0
19564,56.92,56.92,0.0,0,0
19565,57.1,57.1,0.0,0,0
19566,53.41,52.86,-0.5499999999999972,0,0
19567,56.96,56.96,0.0,0,0
19568,56.31,56.28,-0.030000000000001137,0,0
19569,56.94,56.94,0.0,0,0
19570,55.64,55.55,-0.09000000000000341,0,0
19571,53.57,53.06,-0.509999999999998,0,0
19572,55.78,55.71,-0.07000000000000028,0,0
19573,53.25,52.63,-0.6199999999999974,0,0
19574,56.79,56.78,-0.00999999999999801,0,0
19575,56.58,56.57,-0.00999999999999801,0,0
19576,54.88,54.69,-0.19000000000000483,0,0
19577,52.1,51.02,-1.0799999999999983,0,0
19578,56.72,56.71,-0.00999999999999801,0,0
19579,56.64,56.64,0.0,0,0
19581,57.0,57.0,0.0,0,0
19582,56.93,56.93,0.0,0,0
19583,53.57,53.06,-0.509999999999998,0,0
19584,55.64,55.55,-0.09000000000000341,0,0
19585,56.77,56.77,0.0,0,0
19587,54.28,53.97,-0.3100000000000023,0,0
19588,55.9,55.84,-0.05999999999999517,0,0
19589,52.38,51.43,-0.9500000000000028,0,0
19590,48.9,45.56,-3.3399999999999963,0,0
19591,86.76,86.7,-0.060000000000002274,0,0
19592,56.74,56.73,-0.010000000000005116,0,0
19593,56.16,56.12,-0.03999999999999915,0,0
19594,56.7,56.69,-0.010000000000005116,0,0
19595,56.5,56.48,-0.020000000000003126,0,0
19596,55.78,55.71,-0.07000000000000028,0,0
19597,84.87,84.56,-0.3100000000000023,0,0
19598,55.43,55.32,-0.10999999999999943,0,0
19599,85.44,84.49,-0.9500000000000028,0,0
19600,56.85,56.85,0.0,0,0
19601,55.43,55.32,-0.10999999999999943,0,0
19602,57.02,57.02,0.0,0,0
19603,56.64,56.64,0.0,0,0
19604,57.03,57.03,0.0,0,0
19606,56.94,56.94,0.0,0,0
19607,56.72,56.71,-0.00999999999999801,0,0
19608,56.76,56.75,-0.00999999999999801,0,0
19609,56.44,56.43,-0.00999999999999801,0,0
19627,56.97,56.97,0.0,0,0
19628,55.15,55.0,-0.14999999999999858,0,0
19629,56.75,56.74,-0.00999999999999801,0,0
19630,55.52,55.43,-0.09000000000000341,0,0
19631,57.12,57.12,0.0,0,0
19632,56.44,56.43,-0.00999999999999801,0,0
19633,56.96,56.95,-0.00999999999999801,0,0
19639,56.31,56.28,-0.030000000000001137,0,0
19640,57.01,57.01,0.0,0,0
19644,0.0,0.0,0.0,0,0
19645,0.0,0.0,0.0,0,0
19786,86.89,86.88,-0.010000000000005116,0,0
19787,87.24,87.24,0.0,0,0
19794,55.0,54.82,-0.17999999999999972,0,0
19795,52.86,52.1,-0.759999999999998,0,0
19796,0.0,0.0,0.0,0,0
19807,54.69,54.46,-0.22999999999999687,0,0
19812,55.36,55.24,-0.11999999999999744,0,0
19813,57.07,57.07,0.0,0,0
19815,86.2,86.11,-0.09000000000000341,0,0
19832,56.61,87.75,31.14,1,0
19833,44.9,0.0,-44.9,0,0
19834,56.79,56.78,-0.00999999999999801,0,0
19835,0.0,0.0,0.0,0,0
19836,56.61,56.61,0.0,0,0
19837,55.19,55.05,-0.14000000000000057,0,0
19838,53.25,52.63,-0.6199999999999974,0,0
19839,51.43,50.0,-1.4299999999999997,0,0
19840,56.8,56.8,0.0,0,0
19850,53.84,53.41,-0.4300000000000068,0,0
19860,56.98,56.97,-0.00999999999999801,0,0
19863,56.97,56.97,0.0,0,0
19864,56.72,56.71,-0.00999999999999801,0,0
19865,56.96,56.96,0.0,0,0
19866,55.36,55.24,-0.11999999999999744,0,0
19880,81.37,79.7,-1.6700000000000017,0,0
19881,85.45,85.3,-0.15000000000000568,0,0
19882,53.71,53.25,-0.46000000000000085,0,0
19883,55.69,55.61,-0.0799999999999983,0,0
19884,56.87,56.86,-0.00999999999999801,0,0
19890,56.99,56.99,0.0,0,0
19893,50.55,48.57,-1.9799999999999969,0,0
19894,87.09,87.07,-0.020000000000010232,0,0
19895,56.76,56.75,-0.00999999999999801,0,0
19899,56.87,56.86,-0.00999999999999801,0,0
19900,87.98,87.98,0.0,0,0
19901,49.28,46.29,-2.990000000000002,0,0
19902,57.11,57.11,0.0,0,0
19919,57.06,57.05,-0.010000000000005116,0,0
19920,56.84,56.83,-0.010000000000005116,0,0
19921,86.6,86.58,-0.01999999999999602,0,0
19922,46.94,41.27,-5.669999999999995,0,0
19923,56.86,56.86,0.0,0,0
19924,57.02,57.02,0.0,0,0
19944,57.08,57.08,0.0,0,0
19945,84.97,84.74,-0.23000000000000398,0,0
19946,45.56,0.0,-45.56,0,0
19947,57.12,57.12,0.0,0,0
19948,57.03,57.03,0.0,0,0
19949,48.82,45.4,-3.4200000000000017,0,0
19950,49.88,47.4,-2.480000000000004,0,0
19951,82.5,81.42,-1.0799999999999983,0,0
19955,47.17,41.83,-5.340000000000003,0,0
19956,56.8,56.8,0.0,0,0
19957,55.43,55.32,-0.10999999999999943,0,0
19958,54.28,53.97,-0.3100000000000023,0,0
19959,0.0,0.0,0.0,0,0
19960,0.0,0.0,0.0,0,0
19961,45.07,0.0,-45.07,0,0
19962,53.41,52.86,-0.5499999999999972,0,0
20014,56.83,56.82,-0.00999999999999801,0,0
20015,56.0,55.95,-0.04999999999999716,0,0
20016,85.47,85.35,-0.12000000000000455,0,0
20017,54.82,54.62,-0.20000000000000284,0,0
20018,56.31,56.28,-0.030000000000001137,0,0
20019,54.62,54.38,-0.23999999999999488,0,0
20020,56.79,56.78,-0.00999999999999801,0,0
20021,57.06,57.06,0.0,0,0
20022,54.18,53.84,-0.3399999999999963,0,0
20026,56.11,56.07,-0.03999999999999915,0,0
20028,56.72,56.71,-0.00999999999999801,0,0
20029,51.43,50.0,-1.4299999999999997,0,0
20035,86.44,86.37,-0.06999999999999318,0,0
20036,50.28,48.12,-2.1600000000000037,0,0
20038,57.06,57.06,0.0,0,0
20039,57.07,57.07,0.0,0,0
20040,56.96,56.96,0.0,0,0
20041,56.95,56.94,-0.010000000000005116,0,0
20045,0.0,0.0,0.0,0,0
20046,0.0,0.0,0.0,0,0
20047,94.64,94.0,-0.6400000000000006,0,0
20048,54.18,53.84,-0.3399999999999963,0,0
20049,57.11,57.11,0.0,0,0
20050,56.77,56.77,0.0,0,0
20051,57.09,57.09,0.0,0,0
20054,55.88,55.82,-0.060000000000002274,0,0
20058,57.08,57.08,0.0,0,0
20059,57.05,57.05,0.0,0,0
20060,56.96,56.95,-0.00999999999999801,0,0
20061,56.98,56.97,-0.00999999999999801,0,0
20066,56.93,56.93,0.0,0,0
20070,56.91,56.9,-0.00999999999999801,0,0
20072,53.41,52.86,-0.5499999999999972,0,0
20073,56.44,56.43,-0.00999999999999801,0,0
20074,55.61,55.52,-0.0899999999999963,0,0
20076,57.0,57.0,0.0,0,0
20079,56.97,56.97,0.0,0,0
20080,55.82,55.76,-0.060000000000002274,0,0
20081,56.17,56.13,-0.03999999999999915,0,0
20082,56.98,56.98,0.0,0,0
20083,55.32,55.19,-0.13000000000000256,0,0
20084,56.67,56.67,0.0,0,0
20086,55.92,55.86,-0.060000000000002274,0,0
20087,57.04,57.04,0.0,0,0
20088,56.95,56.94,-0.010000000000005116,0,0
20089,56.91,56.91,0.0,0,0
20099,87.05,87.05,0.0,0,0
20100,56.7,56.69,-0.010000000000005116,0,0
20101,56.89,56.89,0.0,0,0
20102,56.94,56.94,0.0,0,0
20103,87.05,87.04,-0.009999999999990905,0,0
20104,56.74,56.73,-0.010000000000005116,0,0
20114,47.92,43.54,-4.380000000000003,0,0
20123,55.86,55.8,-0.060000000000002274,0,0
20124,54.38,54.08,-0.30000000000000426,0,0
20128,52.63,51.78,-0.8500000000000014,0,0
20129,51.43,50.0,-1.4299999999999997,0,0
20130,56.5,56.48,-0.020000000000003126,0,0
20131,55.64,55.55,-0.09000000000000341,0,0
20132,56.88,56.87,-0.010000000000005116,0,0
20137,83.67,81.66,-2.010000000000005,0,0
20138,52.86,52.1,-0.759999999999998,0,0
20139,53.84,53.41,-0.4300000000000068,0,0
20140,54.28,53.97,-0.3100000000000023,0,0
20141,86.46,86.41,-0.04999999999999716,0,0
20143,55.97,55.92,-0.04999999999999716,0,0
20144,56.97,56.97,0.0,0,0
20145,56.96,56.96,0.0,0,0
20148,57.0,57.0,0.0,0,0
20158,57.04,57.04,0.0,0,0
20159,54.82,54.62,-0.20000000000000284,0,0
20169,56.38,56.36,-0.020000000000003126,0,0
20171,56.95,56.95,0.0,0,0
20172,56.95,56.95,0.0,0,0
20174,57.01,57.01,0.0,0,0
20177,56.83,56.82,-0.00999999999999801,0,0
20178,57.02,57.02,0.0,0,0
20179,57.06,57.06,0.0,0,0
20180,56.98,56.97,-0.00999999999999801,0,0
20181,57.02,57.02,0.0,0,0
20182,57.11,57.11,0.0,0,0
20183,56.93,56.93,0.0,0,0
20184,56.76,56.75,-0.00999999999999801,0,0
20188,57.08,57.08,0.0,0,0
20189,87.14,87.14,0.0,0,0
20190,55.1,54.94,-0.1600000000000037,0,0
20230,56.5,56.48,-0.020000000000003126,0,0
20232,55.71,55.64,-0.07000000000000028,0,0
20234,57.12,57.12,0.0,0,0
20235,57.07,57.07,0.0,0,0
20236,57.07,57.07,0.0,0,0
20237,57.12,57.12,0.0,0,0
20254,57.02,57.02,0.0,0,0
20255,56.88,56.88,0.0,0,0
20256,57.03,57.03,0.0,0,0
20262,57.13,88.15,31.020000000000003,1,0
20283,56.8,56.8,0.0,0,0
20284,87.66,87.63,-0.030000000000001137,0,0
20285,86.89,86.88,-0.010000000000005116,0,0
20286,56.01,55.97,-0.03999999999999915,0,0
20287,87.33,87.33,0.0,0,0
20289,49.49,46.69,-2.8000000000000043,0,0
20326,86.83,86.82,-0.010000000000005116,0,0
20342,55.36,55.24,-0.11999999999999744,0,0
20343,55.74,55.66,-0.0800000000000054,0,0
20344,85.88,84.93,-0.9499999999999886,0,0
20345,57.1,57.1,0.0,0,0
20347,49.13,46.01,-3.1200000000000045,0,0
20349,57.02,57.02,0.0,0,0
20350,57.01,57.01,0.0,0,0
20351,56.5,56.48,-0.020000000000003126,0,0
20352,56.38,56.36,-0.020000000000003126,0,0
20355,56.93,56.93,0.0,0,0
20356,57.05,57.05,0.0,0,0
20357,0.0,0.0,0.0,0,0
20358,56.64,56.64,0.0,0,0
20364,56.76,56.75,-0.00999999999999801,0,0
20365,56.22,56.19,-0.030000000000001137,0,0
20366,56.96,56.95,-0.00999999999999801,0,0
20367,54.46,54.18,-0.28000000000000114,0,0
20368,57.06,57.05,-0.010000000000005116,0,0
20369,57.02,57.02,0.0,0,0
20370,56.5,56.48,-0.020000000000003126,0,0
20374,56.21,56.18,-0.030000000000001137,0,0
20375,86.16,86.01,-0.14999999999999147,0,0
20376,54.08,53.71,-0.36999999999999744,0,0
20381,57.1,57.1,0.0,0,0
20382,0.0,0.0,0.0,0,0
20383,85.02,84.76,-0.2599999999999909,0,0
20395,57.01,57.01,0.0,0,0
20396,56.31,56.28,-0.030000000000001137,0,0
20406,53.84,53.41,-0.4300000000000068,0,0
20407,56.2,56.17,-0.030000000000001137,0,0
20408,56.92,56.92,0.0,0,0
20409,57.03,57.03,0.0,0,0
20410,56.86,56.86,0.0,0,0
20411,56.67,56.67,0.0,0,0
20416,55.61,55.52,-0.0899999999999963,0,0
20419,87.67,87.66,-0.010000000000005116,0,0
20420,55.43,55.32,-0.10999999999999943,0,0
20421,56.83,56.82,-0.00999999999999801,0,0
20422,73.23,30.38,-42.85000000000001,0,0
20438,89.16,89.16,0.0,0,0
20439,57.01,57.01,0.0,0,0
20440,56.61,56.61,0.0,0,0
20441,56.82,56.81,-0.00999999999999801,0,0
20442,56.2,56.17,-0.030000000000001137,0,0
20456,56.96,56.95,-0.00999999999999801,0,0
20457,55.82,55.76,-0.060000000000002274,0,0
20458,56.61,56.61,0.0,0,0
20459,54.62,54.38,-0.23999999999999488,0,0
20462,57.09,57.09,0.0,0,0
20463,56.82,56.81,-0.00999999999999801,0,0
20464,54.76,54.54,-0.21999999999999886,0,0
20465,56.99,56.99,0.0,0,0
20466,56.38,56.36,-0.020000000000003126,0,0
20467,56.64,56.64,0.0,0,0
20468,56.0,55.95,-0.04999999999999716,0,0
20469,81.09,78.96,-2.1300000000000097,0,0
20474,57.02,57.02,0.0,0,0
20475,56.82,56.81,-0.00999999999999801,0,0
20481,56.88,56.87,-0.010000000000005116,0,0
20482,53.41,52.86,-0.5499999999999972,0,0
20483,56.92,56.91,-0.010000000000005116,0,0
20484,54.62,54.38,-0.23999999999999488,0,0
20485,56.91,56.9,-0.00999999999999801,0,0
20486,54.08,53.71,-0.36999999999999744,0,0
20490,85.69,85.57,-0.12000000000000455,0,0
20493,55.05,54.88,-0.1699999999999946,0,0
20494,57.03,57.03,0.0,0,0
20495,56.85,56.85,0.0,0,0
20496,56.44,56.43,-0.00999999999999801,0,0
20500,55.58,55.49,-0.0899999999999963,0,0
20501,56.38,56.36,-0.020000000000003126,0,0
20510,57.1,57.1,0.0,0,0
20511,54.69,54.46,-0.22999999999999687,0,0
20512,56.89,56.89,0.0,0,0
20513,56.31,56.28,-0.030000000000001137,0,0
20517,54.18,53.84,-0.3399999999999963,0,0
20527,87.62,87.61,-0.010000000000005116,0,0
20528,56.44,56.43,-0.00999999999999801,0,0
20529,56.76,56.75,-0.00999999999999801,0,0
20531,54.08,53.71,-0.36999999999999744,0,0
20532,30.08,30.08,0.0,0,0
20533,52.38,51.43,-0.9500000000000028,0,0
20534,55.8,55.74,-0.05999999999999517,0,0
20535,54.46,54.18,-0.28000000000000114,0,0
20536,56.44,56.43,-0.00999999999999801,0,0
20537,55.32,55.19,-0.13000000000000256,0,0
20538,56.8,56.8,0.0,0,0
20539,83.99,83.14,-0.8499999999999943,0,0
20540,55.36,55.24,-0.11999999999999744,0,0
20541,56.13,56.1,-0.030000000000001137,0,0
20542,56.5,56.48,-0.020000000000003126,0,0
20543,0.0,0.0,0.0,0,0
20544,56.76,56.75,-0.00999999999999801,0,0
20545,56.76,56.75,-0.00999999999999801,0,0
20546,56.64,56.64,0.0,0,0
20547,54.94,54.76,-0.17999999999999972,0,0
20548,53.06,52.38,-0.6799999999999997,0,0
20549,55.28,55.15,-0.13000000000000256,0,0
20550,56.21,56.18,-0.030000000000001137,0,0
20552,87.36,87.35,-0.010000000000005116,0,0
20576,51.78,50.55,-1.230000000000004,0,0
20577,56.72,56.71,-0.00999999999999801,0,0
20578,56.96,56.95,-0.00999999999999801,0,0
20579,57.09,57.09,0.0,0,0
20591,49.2,46.15,-3.0500000000000043,0,0
20592,56.94,56.94,0.0,0,0
20606,56.61,56.61,0.0,0,0
20607,57.08,57.08,0.0,0,0
20608,52.38,51.43,-0.9500000000000028,0,0
20609,49.56,46.81,-2.75,0,0
20611,55.1,54.94,-0.1600000000000037,0,0
20612,85.95,85.85,-0.10000000000000853,0,0
20613,73.04,30.18,-42.86000000000001,0,0
20617,56.89,56.89,0.0,0,0
20618,56.96,56.96,0.0,0,0
20619,56.11,56.07,-0.03999999999999915,0,0
20620,56.98,56.98,0.0,0,0
20623,56.94,56.94,0.0,0,0
20624,55.93,55.88,-0.04999999999999716,0,0
20625,53.84,53.41,-0.4300000000000068,0,0
20627,54.46,54.18,-0.28000000000000114,0,0
20628,56.29,56.27,-0.01999999999999602,0,0
20655,57.03,57.03,0.0,0,0
20656,55.46,55.36,-0.10000000000000142,0,0
20657,57.01,57.01,0.0,0,0
20658,56.99,56.98,-0.010000000000005116,0,0
20659,85.74,84.66,-1.0799999999999983,0,0
20660,48.4,44.54,-3.8599999999999994,0,0
20661,55.88,55.82,-0.060000000000002274,0,0
20662,56.83,56.82,-0.00999999999999801,0,0
20663,56.72,56.71,-0.00999999999999801,0,0
20664,57.04,57.04,0.0,0,0
20676,47.17,41.83,-5.340000000000003,0,0
20682,85.19,84.92,-0.269999999999996,0,0
20684,56.31,56.28,-0.030000000000001137,0,0
20685,88.54,88.54,0.0,0,0
20686,89.0,89.0,0.0,0,0
20705,55.05,54.88,-0.1699999999999946,0,0
20706,56.1,56.06,-0.03999999999999915,0,0
20707,87.75,87.75,0.0,0,0
20708,56.58,56.57,-0.00999999999999801,0,0
20709,0.0,0.0,0.0,0,0
20710,55.98,55.93,-0.04999999999999716,0,0
20718,56.19,56.16,-0.030000000000001137,0,0
20719,55.86,55.8,-0.060000000000002274,0,0
20720,87.07,87.06,-0.009999999999990905,0,0
20721,48.98,45.71,-3.269999999999996,0,0
20722,52.63,51.78,-0.8500000000000014,0,0
20723,54.28,53.97,-0.3100000000000023,0,0
20724,54.94,54.76,-0.17999999999999972,0,0
20725,55.1,54.94,-0.1600000000000037,0,0
20726,49.94,47.51,-2.4299999999999997,0,0
20727,48.4,44.54,-3.8599999999999994,0,0
20728,51.02,49.35,-1.6700000000000017,0,0
20729,56.79,56.78,-0.00999999999999801,0,0
20730,55.92,55.86,-0.060000000000002274,0,0
20731,55.1,54.94,-0.1600000000000037,0,0
20732,55.97,55.92,-0.04999999999999716,0,0
20733,53.71,53.25,-0.46000000000000085,0,0
20734,53.57,53.06,-0.509999999999998,0,0
20735,54.82,54.62,-0.20000000000000284,0,0
20736,55.92,55.86,-0.060000000000002274,0,0
20738,85.02,84.78,-0.23999999999999488,0,0
20739,45.24,0.0,-45.24,0,0
20740,53.41,52.86,-0.5499999999999972,0,0
20741,53.71,53.25,-0.46000000000000085,0,0
20742,55.69,55.61,-0.0799999999999983,0,0
20743,55.24,55.1,-0.14000000000000057,0,0
20744,50.55,48.57,-1.9799999999999969,0,0
20745,54.46,54.18,-0.28000000000000114,0,0
20746,55.05,54.88,-0.1699999999999946,0,0
20747,55.1,54.94,-0.1600000000000037,0,0
20748,55.95,55.9,-0.05000000000000426,0,0
20749,55.28,55.15,-0.13000000000000256,0,0
20750,56.79,56.78,-0.00999999999999801,0,0
20751,56.74,56.73,-0.010000000000005116,0,0
20754,55.55,55.46,-0.0899999999999963,0,0
20767,55.64,55.55,-0.09000000000000341,0,0
20769,51.43,50.0,-1.4299999999999997,0,0
20770,55.66,55.58,-0.0799999999999983,0,0
20786,87.81,87.81,0.0,0,0
20787,56.16,56.12,-0.03999999999999915,0,0
20804,50.5,48.48,-2.020000000000003,0,0
20805,55.52,55.43,-0.09000000000000341,0,0
20806,0.0,0.0,0.0,0,0
20807,56.72,56.71,-0.00999999999999801,0,0
20808,85.35,85.14,-0.20999999999999375,0,0
20810,87.34,87.34,0.0,0,0
20811,57.11,57.11,0.0,0,0
20812,57.11,57.11,0.0,0,0
20813,57.07,57.07,0.0,0,0
20814,30.64,30.64,0.0,0,0
20825,52.1,51.02,-1.0799999999999983,0,0
20826,57.03,57.03,0.0,0,0
20828,57.03,57.03,0.0,0,0
20829,54.46,54.18,-0.28000000000000114,0,0
20835,54.38,54.08,-0.30000000000000426,0,0
20836,55.52,55.43,-0.09000000000000341,0,0
20837,87.33,87.3,-0.030000000000001137,0,0
20838,55.36,55.24,-0.11999999999999744,0,0
20846,40.97,0.0,-40.97,0,0
20847,54.18,53.84,-0.3399999999999963,0,0
20848,0.0,30.61,30.61,1,1
20849,0.0,30.1,30.1,1,1
20910,87.32,87.32,0.0,0,0
20916,87.55,87.55,0.0,0,0
20917,87.35,87.35,0.0,0,0
20918,56.11,56.07,-0.03999999999999915,0,0
20919,56.97,56.97,0.0,0,0
20920,57.01,57.01,0.0,0,0
20950,56.91,56.9,-0.00999999999999801,0,0
20951,87.5,87.49,-0.010000000000005116,0,0
20968,86.78,86.77,-0.010000000000005116,0,0
20970,56.82,56.81,-0.00999999999999801,0,0
20974,57.03,57.03,0.0,0,0
20975,56.97,56.97,0.0,0,0
20976,56.67,56.67,0.0,0,0
20977,56.06,56.01,-0.05000000000000426,0,0
20978,56.76,56.75,-0.00999999999999801,0,0
20979,56.88,56.88,0.0,0,0
20980,56.83,56.82,-0.00999999999999801,0,0
20981,57.0,57.0,0.0,0,0
20982,46.94,41.27,-5.669999999999995,0,0
20983,47.62,42.85,-4.769999999999996,0,0
20985,56.94,56.94,0.0,0,0
20986,51.43,50.0,-1.4299999999999997,0,0
20987,56.93,56.93,0.0,0,0
20988,41.83,0.0,-41.83,0,0
20989,45.4,0.0,-45.4,0,0
20990,54.38,54.08,-0.30000000000000426,0,0
20991,56.94,56.94,0.0,0,0
20992,85.07,84.87,-0.19999999999998863,0,0
20993,54.82,54.62,-0.20000000000000284,0,0
20994,55.15,55.0,-0.14999999999999858,0,0
21006,56.28,56.25,-0.030000000000001137,0,0
21007,85.46,84.71,-0.75,0,0
21008,87.77,87.76,-0.009999999999990905,0,0
21009,86.62,86.55,-0.07000000000000739,0,0
21011,56.93,56.93,0.0,0,0
21012,57.1,57.1,0.0,0,0
21013,56.58,56.57,-0.00999999999999801,0,0
21014,56.87,56.86,-0.00999999999999801,0,0
21015,56.97,56.97,0.0,0,0
21016,56.88,56.88,0.0,0,0
21017,57.05,57.05,0.0,0,0
21041,56.92,56.92,0.0,0,0
21042,56.99,56.99,0.0,0,0
21043,56.98,56.98,0.0,0,0
21044,42.61,0.0,-42.61,0,0
21050,56.93,56.93,0.0,0,0
21051,56.83,56.82,-0.00999999999999801,0,0
21052,57.07,57.07,0.0,0,0
21085,57.05,57.05,0.0,0,0
21089,55.49,55.39,-0.10000000000000142,0,0
21090,57.12,57.12,0.0,0,0
21091,56.7,56.69,-0.010000000000005116,0,0
21255,31.44,31.44,0.0,0,0
21256,0.0,30.33,30.33,1,1
21257,31.78,31.78,0.0,0,0
21345,55.88,55.82,-0.060000000000002274,0,0
21353,56.97,56.97,0.0,0,0
21354,56.9,56.9,0.0,0,0
21355,87.04,87.04,0.0,0,0
21356,55.19,55.05,-0.14000000000000057,0,0
21357,50.44,48.4,-2.039999999999999,0,0
21358,56.83,56.82,-0.00999999999999801,0,0
21378,56.95,56.95,0.0,0,0
21379,56.19,56.16,-0.030000000000001137,0,0
21385,87.13,87.13,0.0,0,0
21386,56.98,56.97,-0.00999999999999801,0,0
21387,56.16,56.12,-0.03999999999999915,0,0
21389,46.43,0.0,-46.43,0,0
21390,44.9,0.0,-44.9,0,0
21391,87.59,87.59,0.0,0,0
21392,56.04,56.0,-0.03999999999999915,0,0
21399,44.9,0.0,-44.9,0,0
21400,57.01,57.01,0.0,0,0
21401,57.11,57.11,0.0,0,0
21408,56.14,56.11,-0.030000000000001137,0,0
21409,55.82,55.76,-0.060000000000002274,0,0
21410,56.07,56.03,-0.03999999999999915,0,0
21411,55.49,55.39,-0.10000000000000142,0,0
21412,56.98,56.98,0.0,0,0
21413,56.64,56.64,0.0,0,0
21414,55.55,55.46,-0.0899999999999963,0,0
21415,56.98,56.97,-0.00999999999999801,0,0
21416,56.99,56.98,-0.010000000000005116,0,0
21417,57.0,57.0,0.0,0,0
21437,56.44,56.43,-0.00999999999999801,0,0
21438,88.22,88.22,0.0,0,0
21439,56.44,56.43,-0.00999999999999801,0,0
21447,56.79,56.78,-0.00999999999999801,0,0
21448,56.61,56.61,0.0,0,0
21449,85.87,85.79,-0.0799999999999983,0,0
21450,56.91,56.9,-0.00999999999999801,0,0
21451,57.1,57.1,0.0,0,0
21452,56.61,56.61,0.0,0,0
21453,57.03,57.03,0.0,0,0
21455,87.53,87.52,-0.010000000000005116,0,0
21456,56.67,56.67,0.0,0,0
21457,56.96,56.96,0.0,0,0
21458,56.92,56.92,0.0,0,0
21459,85.94,85.86,-0.0799999999999983,0,0
21467,80.75,78.46,-2.2900000000000063,0,0
21480,57.11,57.11,0.0,0,0
21481,56.61,56.61,0.0,0,0
21482,87.14,87.13,-0.010000000000005116,0,0
21483,87.01,86.97,-0.04000000000000625,0,0
21484,0.0,0.0,0.0,0,0
21510,56.82,56.81,-0.00999999999999801,0,0
21511,86.47,86.41,-0.060000000000002274,0,0
21516,87.62,87.62,0.0,0,0
21517,57.11,57.11,0.0,0,0
21518,57.07,57.07,0.0,0,0
21519,57.06,57.06,0.0,0,0
21520,57.07,57.07,0.0,0,0
21521,85.95,85.89,-0.060000000000002274,0,0
21522,85.02,84.79,-0.22999999999998977,0,0
21523,56.7,56.69,-0.010000000000005116,0,0
21527,87.15,87.09,-0.060000000000002274,0,0
21536,56.7,56.69,-0.010000000000005116,0,0
21537,57.13,57.13,0.0,0,0
21538,87.8,87.8,0.0,0,0
21558,55.28,55.15,-0.13000000000000256,0,0
21574,50.55,48.57,-1.9799999999999969,0,0
21575,56.74,56.73,-0.010000000000005116,0,0
21576,56.72,56.71,-0.00999999999999801,0,0
21577,56.77,56.77,0.0,0,0
21578,56.29,56.27,-0.01999999999999602,0,0
21579,55.95,55.9,-0.05000000000000426,0,0
21580,56.77,56.77,0.0,0,0
21587,56.13,56.1,-0.030000000000001137,0,0
21588,56.84,56.83,-0.010000000000005116,0,0
21589,86.36,86.3,-0.060000000000002274,0,0
21590,86.28,86.23,-0.04999999999999716,0,0
21591,56.8,56.8,0.0,0,0
21592,87.53,87.53,0.0,0,0
21593,54.62,54.38,-0.23999999999999488,0,0
21594,89.48,89.47,-0.010000000000005116,0,0
21599,56.13,56.1,-0.030000000000001137,0,0
21600,56.38,56.36,-0.020000000000003126,0,0
21601,55.71,55.64,-0.07000000000000028,0,0
21602,56.58,56.57,-0.00999999999999801,0,0
21603,56.83,56.82,-0.00999999999999801,0,0
21604,56.82,56.81,-0.00999999999999801,0,0
21605,56.13,56.1,-0.030000000000001137,0,0
21606,87.15,87.12,-0.030000000000001137,0,0
21610,57.01,57.01,0.0,0,0
21612,56.8,56.8,0.0,0,0
21613,56.83,56.82,-0.00999999999999801,0,0
21614,54.38,54.08,-0.30000000000000426,0,0
21615,56.7,56.69,-0.010000000000005116,0,0
21616,55.9,55.84,-0.05999999999999517,0,0
21629,53.06,52.38,-0.6799999999999997,0,0
21636,56.19,56.16,-0.030000000000001137,0,0
21637,56.5,56.48,-0.020000000000003126,0,0
21638,83.94,83.18,-0.7599999999999909,0,0
21639,55.05,54.88,-0.1699999999999946,0,0
21640,53.06,52.38,-0.6799999999999997,0,0
21654,43.96,0.0,-43.96,0,0
21655,44.15,0.0,-44.15,0,0
21656,46.56,40.33,-6.230000000000004,0,0
21657,45.56,0.0,-45.56,0,0
21663,54.18,53.84,-0.3399999999999963,0,0
21664,86.29,86.13,-0.1600000000000108,0,0
21665,43.54,0.0,-43.54,0,0
21681,56.18,56.14,-0.03999999999999915,0,0
21685,52.63,51.78,-0.8500000000000014,0,0
21686,56.91,56.91,0.0,0,0
21687,56.98,56.97,-0.00999999999999801,0,0
21688,87.09,87.09,0.0,0,0
21689,57.01,57.01,0.0,0,0
21690,52.86,52.1,-0.759999999999998,0,0
21691,57.11,57.11,0.0,0,0
21692,56.29,56.27,-0.01999999999999602,0,0
21693,57.05,57.05,0.0,0,0
21694,56.93,56.93,0.0,0,0
21700,56.8,56.8,0.0,0,0
21701,56.88,56.87,-0.010000000000005116,0,0
21702,52.86,52.1,-0.759999999999998,0,0
21703,55.97,55.92,-0.04999999999999716,0,0
21704,55.39,55.28,-0.10999999999999943,0,0
21705,52.86,52.1,-0.759999999999998,0,0
21706,56.99,56.99,0.0,0,0
21707,55.05,54.88,-0.1699999999999946,0,0
21708,52.86,82.38,29.519999999999996,1,0
21709,51.02,49.35,-1.6700000000000017,0,0
21710,56.72,56.71,-0.00999999999999801,0,0
21711,56.9,56.9,0.0,0,0
21713,56.44,56.43,-0.00999999999999801,0,0
21714,57.14,87.42,30.28,1,0
21715,78.42,74.36,-4.060000000000002,0,0
21716,82.73,81.78,-0.9500000000000028,0,0
21717,82.22,79.16,-3.0600000000000023,0,0
21718,56.24,56.21,-0.030000000000001137,0,0
21719,55.0,54.82,-0.17999999999999972,0,0
21721,56.97,56.97,0.0,0,0
21722,56.84,56.83,-0.010000000000005116,0,0
21731,86.37,86.3,-0.07000000000000739,0,0
21732,56.44,56.43,-0.00999999999999801,0,0
21733,56.29,56.27,-0.01999999999999602,0,0
21734,56.77,56.77,0.0,0,0
21735,56.7,56.69,-0.010000000000005116,0,0
21736,84.92,84.52,-0.4000000000000057,0,0
21737,55.46,55.36,-0.10000000000000142,0,0
21738,47.62,42.85,-4.769999999999996,0,0
21739,55.78,55.71,-0.07000000000000028,0,0
21740,49.88,47.4,-2.480000000000004,0,0
21741,56.82,56.81,-0.00999999999999801,0,0
21742,49.94,47.51,-2.4299999999999997,0,0
21758,56.58,56.57,-0.00999999999999801,0,0
21759,56.64,56.64,0.0,0,0
21760,56.64,56.64,0.0,0,0
21761,46.15,0.0,-46.15,0,0
21762,84.09,83.58,-0.5100000000000051,0,0
21763,56.24,56.21,-0.030000000000001137,0,0
21768,0.0,0.0,0.0,0,0
21769,86.9,86.9,0.0,0,0
21770,56.88,56.88,0.0,0,0
21771,52.86,52.1,-0.759999999999998,0,0
21772,51.78,50.55,-1.230000000000004,0,0
21773,49.56,46.81,-2.75,0,0
21774,0.0,30.35,30.35,1,1
21775,54.76,54.54,-0.21999999999999886,0,0
21776,56.67,56.67,0.0,0,0
21777,80.78,78.8,-1.980000000000004,0,0
21778,54.18,53.84,-0.3399999999999963,0,0
21779,51.02,49.35,-1.6700000000000017,0,0
21780,84.5,84.14,-0.35999999999999943,0,0
21783,56.7,56.69,-0.010000000000005116,0,0
21784,56.77,56.77,0.0,0,0
21791,53.41,52.86,-0.5499999999999972,0,0
21792,45.24,0.0,-45.24,0,0
21793,56.77,56.77,0.0,0,0
21794,83.55,82.6,-0.9500000000000028,0,0
21795,56.54,56.53,-0.00999999999999801,0,0
21796,50.55,48.57,-1.9799999999999969,0,0
21797,55.0,54.82,-0.17999999999999972,0,0
21798,87.0,87.0,0.0,0,0
21799,54.62,54.38,-0.23999999999999488,0,0
21800,54.76,54.54,-0.21999999999999886,0,0
21801,85.09,84.85,-0.2400000000000091,0,0
21802,54.94,54.76,-0.17999999999999972,0,0
21803,55.28,55.15,-0.13000000000000256,0,0
21804,42.1,0.0,-42.1,0,0
21805,53.57,53.06,-0.509999999999998,0,0
21806,54.76,54.54,-0.21999999999999886,0,0
21807,86.4,86.15,-0.25,0,0
21809,56.07,56.03,-0.03999999999999915,0,0
21812,57.01,57.01,0.0,0,0
21813,56.38,56.36,-0.020000000000003126,0,0
21819,54.88,54.69,-0.19000000000000483,0,0
21820,54.62,54.38,-0.23999999999999488,0,0
21821,56.89,56.89,0.0,0,0
21824,55.69,55.61,-0.0799999999999983,0,0
21825,0.0,0.0,0.0,0,0
21826,0.0,0.0,0.0,0,0
21847,56.87,56.86,-0.00999999999999801,0,0
21896,56.97,56.97,0.0,0,0
21897,54.94,54.76,-0.17999999999999972,0,0
21898,56.72,56.71,-0.00999999999999801,0,0
21899,56.38,56.36,-0.020000000000003126,0,0
21900,86.58,86.54,-0.03999999999999204,0,0
21901,86.42,86.35,-0.07000000000000739,0,0
21902,57.05,57.05,0.0,0,0
21903,88.19,88.19,0.0,0,0
21917,55.86,55.8,-0.060000000000002274,0,0
21921,49.28,46.29,-2.990000000000002,0,0
21922,55.64,55.55,-0.09000000000000341,0,0
21923,55.69,55.61,-0.0799999999999983,0,0
21924,53.57,53.06,-0.509999999999998,0,0
21925,55.98,55.93,-0.04999999999999716,0,0
21926,54.54,54.28,-0.259999999999998,0,0
21927,56.76,56.75,-0.00999999999999801,0,0
21928,56.99,56.99,0.0,0,0
21929,56.88,56.87,-0.010000000000005116,0,0
21930,55.19,55.05,-0.14000000000000057,0,0
21931,54.54,54.28,-0.259999999999998,0,0
21949,55.78,55.71,-0.07000000000000028,0,0
21952,56.23,56.2,-0.02999999999999403,0,0
21953,55.55,55.46,-0.0899999999999963,0,0
21954,55.8,55.74,-0.05999999999999517,0,0
21955,87.16,87.15,-0.009999999999990905,0,0
21956,55.52,55.43,-0.09000000000000341,0,0
21967,56.96,56.96,0.0,0,0
21968,85.27,85.09,-0.1799999999999926,0,0
21969,53.71,53.25,-0.46000000000000085,0,0
21970,47.06,41.56,-5.5,0,0
21984,56.77,56.77,0.0,0,0
21985,56.38,56.36,-0.020000000000003126,0,0
21986,53.84,53.41,-0.4300000000000068,0,0
21990,57.05,57.05,0.0,0,0
21991,56.58,56.57,-0.00999999999999801,0,0
21992,56.5,56.48,-0.020000000000003126,0,0
22001,78.21,72.54,-5.6699999999999875,0,0
22002,79.89,78.05,-1.8400000000000034,0,0
22003,54.18,53.84,-0.3399999999999963,0,0
22004,55.69,55.61,-0.0799999999999983,0,0
22005,56.88,56.88,0.0,0,0
22006,57.01,57.01,0.0,0,0
22007,56.54,56.53,-0.00999999999999801,0,0
22008,55.1,54.94,-0.1600000000000037,0,0
22009,46.43,0.0,-46.43,0,0
22010,75.17,31.21,-43.96,0,0
22011,82.71,81.86,-0.8499999999999943,0,0
22012,50.55,48.57,-1.9799999999999969,0,0
22013,56.72,56.71,-0.00999999999999801,0,0
22014,51.78,50.55,-1.230000000000004,0,0
22015,55.36,55.24,-0.11999999999999744,0,0
22016,45.71,0.0,-45.71,0,0
22017,55.86,55.8,-0.060000000000002274,0,0
22018,55.1,54.94,-0.1600000000000037,0,0
22025,86.24,86.18,-0.05999999999998806,0,0
22026,56.0,55.95,-0.04999999999999716,0,0
22027,56.79,56.78,-0.00999999999999801,0,0
22028,56.74,56.73,-0.010000000000005116,0,0
22029,55.28,55.15,-0.13000000000000256,0,0
22030,56.54,56.53,-0.00999999999999801,0,0
22031,0.0,0.0,0.0,0,0
22032,57.09,57.09,0.0,0,0
22033,49.88,47.4,-2.480000000000004,0,0
22034,87.78,87.72,-0.060000000000002274,0,0
22035,56.85,56.85,0.0,0,0
22036,50.0,47.62,-2.3800000000000026,0,0
22037,56.1,56.06,-0.03999999999999915,0,0
22038,56.77,56.77,0.0,0,0
22039,56.11,56.07,-0.03999999999999915,0,0
22040,54.69,54.46,-0.22999999999999687,0,0
22041,84.58,84.21,-0.37000000000000455,0,0
22042,82.68,81.01,-1.6700000000000017,0,0
22043,82.53,80.06,-2.469999999999999,0,0
22044,57.1,57.1,0.0,0,0
22045,56.82,56.81,-0.00999999999999801,0,0
22046,53.84,53.41,-0.4300000000000068,0,0
22047,87.48,87.45,-0.030000000000001137,0,0
22052,56.31,56.28,-0.030000000000001137,0,0
22053,56.92,56.91,-0.010000000000005116,0,0
22167,85.8,85.6,-0.20000000000000284,0,0
22168,83.42,82.34,-1.0799999999999983,0,0
22169,55.1,54.94,-0.1600000000000037,0,0
22170,50.55,48.57,-1.9799999999999969,0,0
22171,56.74,56.73,-0.010000000000005116,0,0
22172,57.12,57.12,0.0,0,0
22173,55.82,55.76,-0.060000000000002274,0,0
22175,85.88,85.61,-0.269999999999996,0,0
22176,84.36,83.94,-0.4200000000000017,0,0
22179,85.63,85.44,-0.18999999999999773,0,0
22181,86.37,86.28,-0.09000000000000341,0,0
22182,84.38,84.02,-0.35999999999999943,0,0
22183,47.92,43.54,-4.380000000000003,0,0
22184,87.92,87.91,-0.010000000000005116,0,0
22185,57.1,57.1,0.0,0,0
22186,47.4,42.36,-5.039999999999999,0,0
22242,56.0,55.95,-0.04999999999999716,0,0
22243,51.02,49.35,-1.6700000000000017,0,0
22244,53.41,52.86,-0.5499999999999972,0,0
22245,30.82,30.82,0.0,0,0
22246,56.94,56.94,0.0,0,0
22304,57.11,57.11,0.0,0,0
22307,54.76,54.54,-0.21999999999999886,0,0
22319,56.44,56.43,-0.00999999999999801,0,0
22320,56.0,55.95,-0.04999999999999716,0,0
22321,54.38,54.08,-0.30000000000000426,0,0
22322,56.64,56.64,0.0,0,0
22323,55.78,55.71,-0.07000000000000028,0,0
22324,57.11,57.11,0.0,0,0
22325,84.67,84.43,-0.23999999999999488,0,0
22326,45.71,0.0,-45.71,0,0
22327,87.48,87.48,0.0,0,0
22328,56.54,56.53,-0.00999999999999801,0,0
22329,53.71,53.25,-0.46000000000000085,0,0
22330,55.66,55.58,-0.0799999999999983,0,0
22331,56.22,56.19,-0.030000000000001137,0,0
22332,54.46,54.18,-0.28000000000000114,0,0
22333,49.42,46.56,-2.8599999999999994,0,0
22336,54.08,53.71,-0.36999999999999744,0,0
22337,56.7,56.69,-0.010000000000005116,0,0
22338,55.19,55.05,-0.14000000000000057,0,0
22339,78.73,32.44,-46.290000000000006,0,0
22340,55.1,54.94,-0.1600000000000037,0,0
22341,56.54,56.53,-0.00999999999999801,0,0
22342,40.66,0.0,-40.66,0,0
22343,85.98,85.88,-0.10000000000000853,0,0
22344,55.71,55.64,-0.07000000000000028,0,0
22345,56.92,56.91,-0.010000000000005116,0,0
22346,56.58,56.57,-0.00999999999999801,0,0
22347,87.05,87.05,0.0,0,0
22348,56.06,56.01,-0.05000000000000426,0,0
22349,53.71,53.25,-0.46000000000000085,0,0
22350,57.03,57.03,0.0,0,0
22351,56.98,56.97,-0.00999999999999801,0,0
22352,55.05,54.88,-0.1699999999999946,0,0
22353,55.0,54.82,-0.17999999999999972,0,0
22354,85.62,85.45,-0.1700000000000017,0,0
22355,87.43,87.42,-0.010000000000005116,0,0
22356,56.92,56.91,-0.010000000000005116,0,0
22357,49.88,47.4,-2.480000000000004,0,0
22358,54.69,54.46,-0.22999999999999687,0,0
22360,48.9,45.56,-3.3399999999999963,0,0
22361,72.98,31.15,-41.830000000000005,0,0
22362,45.56,0.0,-45.56,0,0
22363,40.97,0.0,-40.97,0,0
22366,55.28,55.15,-0.13000000000000256,0,0
22375,88.74,88.74,0.0,0,0
22376,47.92,43.54,-4.380000000000003,0,0
22377,46.01,0.0,-46.01,0,0
22389,56.5,56.48,-0.020000000000003126,0,0
22390,88.29,88.28,-0.010000000000005116,0,0
22391,74.41,30.25,-44.16,0,0
22392,49.06,45.86,-3.200000000000003,0,0
22393,84.65,84.28,-0.37000000000000455,0,0
22394,54.08,53.71,-0.36999999999999744,0,0
22397,57.06,57.06,0.0,0,0
22398,55.58,55.49,-0.0899999999999963,0,0
22399,57.09,57.09,0.0,0,0
22400,54.94,54.76,-0.17999999999999972,0,0
22401,47.82,43.32,-4.5,0,0
22402,55.8,55.74,-0.05999999999999517,0,0
22403,56.77,56.77,0.0,0,0
22404,56.76,56.75,-0.00999999999999801,0,0
22405,56.96,56.95,-0.00999999999999801,0,0
22406,55.15,55.0,-0.14999999999999858,0,0
22407,52.38,51.43,-0.9500000000000028,0,0
22408,86.51,86.39,-0.12000000000000455,0,0
22409,56.79,56.78,-0.00999999999999801,0,0
22410,56.87,56.86,-0.00999999999999801,0,0
22411,86.1,85.78,-0.3199999999999932,0,0
22412,57.11,57.11,0.0,0,0
22415,82.68,81.25,-1.4300000000000068,0,0
22416,51.78,50.55,-1.230000000000004,0,0
22417,56.7,56.69,-0.010000000000005116,0,0
22418,86.3,86.23,-0.06999999999999318,0,0
22419,87.32,87.32,0.0,0,0
22420,42.85,0.0,-42.85,0,0
22421,56.28,56.25,-0.030000000000001137,0,0
22422,86.11,86.04,-0.06999999999999318,0,0
22423,86.96,86.95,-0.009999999999990905,0,0
22424,82.8,81.57,-1.230000000000004,0,0
22425,82.2,81.12,-1.0799999999999983,0,0
22426,54.38,54.08,-0.30000000000000426,0,0
22427,80.17,75.89,-4.280000000000001,0,0
22428,48.74,45.24,-3.5,0,0
22429,56.38,56.36,-0.020000000000003126,0,0
22431,32.54,32.54,0.0,0,0
22432,85.84,85.71,-0.13000000000000966,0,0
22433,56.54,56.53,-0.00999999999999801,0,0
22434,55.88,55.82,-0.060000000000002274,0,0
22435,84.79,83.71,-1.0800000000000125,0,0
22436,56.54,56.53,-0.00999999999999801,0,0
22437,40.33,0.0,-40.33,0,0
22438,0.0,0.0,0.0,0,0
22439,0.0,0.0,0.0,0,0
22440,56.74,56.73,-0.010000000000005116,0,0
22441,56.67,56.67,0.0,0,0
22442,56.38,56.36,-0.020000000000003126,0,0
22443,55.95,55.9,-0.05000000000000426,0,0
22444,55.86,55.8,-0.060000000000002274,0,0
22448,50.44,48.4,-2.039999999999999,0,0
22449,87.08,87.08,0.0,0,0
22450,56.86,56.86,0.0,0,0
22451,56.61,56.61,0.0,0,0
22452,56.21,56.18,-0.030000000000001137,0,0
22453,56.82,56.81,-0.00999999999999801,0,0
22455,56.82,56.81,-0.00999999999999801,0,0
22456,56.03,55.98,-0.05000000000000426,0,0
22457,86.81,86.78,-0.030000000000001137,0,0
22458,86.8,86.77,-0.030000000000001137,0,0
22459,56.96,56.96,0.0,0,0
22460,56.92,56.92,0.0,0,0
22461,45.56,0.0,-45.56,0,0
22462,47.4,42.36,-5.039999999999999,0,0
22463,30.64,30.64,0.0,0,0
22464,54.38,54.08,-0.30000000000000426,0,0
22465,55.92,55.86,-0.060000000000002274,0,0
22466,55.43,55.32,-0.10999999999999943,0,0
22467,55.69,55.61,-0.0799999999999983,0,0
22468,54.88,54.69,-0.19000000000000483,0,0
22469,0.0,0.0,0.0,0,0
22470,0.0,0.0,0.0,0,0
22471,0.0,0.0,0.0,0,0
22472,52.86,52.1,-0.759999999999998,0,0
22475,76.09,30.08,-46.010000000000005,0,0
22476,55.8,55.74,-0.05999999999999517,0,0
22477,57.01,57.01,0.0,0,0
22478,57.02,57.02,0.0,0,0
22479,56.76,56.75,-0.00999999999999801,0,0
22480,56.38,56.36,-0.020000000000003126,0,0
22481,87.71,87.71,0.0,0,0
22482,56.58,56.57,-0.00999999999999801,0,0
22483,56.5,56.48,-0.020000000000003126,0,0
22484,42.85,0.0,-42.85,0,0
22485,56.24,56.21,-0.030000000000001137,0,0
22486,80.85,75.51,-5.339999999999989,0,0
22487,87.17,87.16,-0.010000000000005116,0,0
22488,56.03,55.98,-0.05000000000000426,0,0
22489,56.0,55.95,-0.04999999999999716,0,0
22490,56.76,56.75,-0.00999999999999801,0,0
22491,53.97,53.57,-0.3999999999999986,0,0
22492,53.71,53.25,-0.46000000000000085,0,0
22493,53.71,53.25,-0.46000000000000085,0,0
22494,55.66,55.58,-0.0799999999999983,0,0
22497,55.9,55.84,-0.05999999999999517,0,0
22498,57.08,57.08,0.0,0,0
22499,57.05,57.05,0.0,0,0
22500,56.12,56.08,-0.03999999999999915,0,0
22501,57.12,57.12,0.0,0,0
22502,56.58,56.57,-0.00999999999999801,0,0
22503,87.35,87.12,-0.22999999999998977,0,0
22504,56.61,56.61,0.0,0,0
22505,56.38,56.36,-0.020000000000003126,0,0
22506,52.38,51.43,-0.9500000000000028,0,0
22507,56.14,56.11,-0.030000000000001137,0,0
22508,84.93,84.17,-0.7600000000000051,0,0
22509,56.94,56.94,0.0,0,0
22511,89.14,89.14,0.0,0,0
22512,88.74,88.73,-0.009999999999990905,0,0
22513,56.7,56.69,-0.010000000000005116,0,0
22514,46.81,40.97,-5.840000000000003,0,0
22515,56.64,56.64,0.0,0,0
22516,55.69,55.61,-0.0799999999999983,0,0
22517,54.76,54.54,-0.21999999999999886,0,0
22518,55.8,55.74,-0.05999999999999517,0,0
22524,87.2,87.17,-0.030000000000001137,0,0
22525,82.0,79.43,-2.569999999999993,0,0
22526,83.82,83.26,-0.5599999999999881,0,0
22527,83.42,81.09,-2.3299999999999983,0,0
22528,52.86,52.1,-0.759999999999998,0,0
22529,56.88,56.88,0.0,0,0
22533,57.06,57.06,0.0,0,0
22534,87.52,87.12,-0.3999999999999915,0,0
22535,56.38,56.36,-0.020000000000003126,0,0
22536,53.06,52.38,-0.6799999999999997,0,0
22537,81.56,79.89,-1.6700000000000017,0,0
22538,55.9,55.84,-0.05999999999999517,0,0
22539,56.21,56.18,-0.030000000000001137,0,0
22540,52.86,52.1,-0.759999999999998,0,0
22541,77.54,32.64,-44.900000000000006,0,0
22542,55.98,55.93,-0.04999999999999716,0,0
22543,53.25,52.63,-0.6199999999999974,0,0
22544,87.79,87.64,-0.15000000000000568,0,0
22545,54.88,54.69,-0.19000000000000483,0,0
22546,84.72,84.48,-0.23999999999999488,0,0
22549,56.67,56.67,0.0,0,0
22550,49.56,46.81,-2.75,0,0
22551,56.96,56.95,-0.00999999999999801,0,0
22552,85.81,85.57,-0.2400000000000091,0,0
22553,46.56,40.33,-6.230000000000004,0,0
22554,0.0,0.0,0.0,0,0
22555,0.0,0.0,0.0,0,0
22556,55.39,55.28,-0.10999999999999943,0,0
22557,56.5,56.48,-0.020000000000003126,0,0
22558,83.53,82.85,-0.6800000000000068,0,0
22561,81.9,80.47,-1.4300000000000068,0,0
22562,56.88,56.88,0.0,0,0
22563,87.79,87.77,-0.020000000000010232,0,0
22564,53.57,53.06,-0.509999999999998,0,0
22565,50.28,48.12,-2.1600000000000037,0,0
22566,56.17,56.13,-0.03999999999999915,0,0
22571,56.83,56.82,-0.00999999999999801,0,0
22573,82.6,81.17,-1.4299999999999926,0,0
22576,56.82,56.81,-0.00999999999999801,0,0
22580,85.99,85.88,-0.10999999999999943,0,0
22581,56.98,56.98,0.0,0,0
22593,88.04,88.04,0.0,0,0
22594,57.02,57.02,0.0,0,0
22597,55.24,55.1,-0.14000000000000057,0,0
22598,87.9,87.9,0.0,0,0
22599,87.64,87.6,-0.04000000000000625,0,0
22600,56.58,56.57,-0.00999999999999801,0,0
22601,57.04,57.04,0.0,0,0
22602,56.61,56.61,0.0,0,0
22605,55.88,55.82,-0.060000000000002274,0,0
22607,56.92,56.92,0.0,0,0
22608,56.67,56.67,0.0,0,0
22609,54.28,53.97,-0.3100000000000023,0,0
22610,43.32,0.0,-43.32,0,0
22611,47.82,43.32,-4.5,0,0
22612,51.43,50.0,-1.4299999999999997,0,0
22613,54.46,54.18,-0.28000000000000114,0,0
22614,83.55,82.93,-0.6199999999999903,0,0
22615,57.09,57.09,0.0,0,0
22616,56.96,56.96,0.0,0,0
22617,55.71,55.64,-0.07000000000000028,0,0
22678,56.67,56.67,0.0,0,0
22679,56.5,56.48,-0.020000000000003126,0,0
22680,56.84,56.83,-0.010000000000005116,0,0
22681,56.5,56.48,-0.020000000000003126,0,0
22682,54.28,53.97,-0.3100000000000023,0,0
22684,56.31,56.28,-0.030000000000001137,0,0
22685,57.04,57.04,0.0,0,0
22686,40.66,0.0,-40.66,0,0
22687,56.86,56.86,0.0,0,0
22688,55.24,55.1,-0.14000000000000057,0,0
22689,50.28,48.12,-2.1600000000000037,0,0
22690,55.43,55.32,-0.10999999999999943,0,0
22691,56.92,56.92,0.0,0,0
22692,56.44,56.43,-0.00999999999999801,0,0
22693,56.91,56.9,-0.00999999999999801,0,0
22694,88.88,88.87,-0.009999999999990905,0,0
22695,56.31,56.28,-0.030000000000001137,0,0
22698,75.26,30.03,-45.230000000000004,0,0
22702,56.79,56.78,-0.00999999999999801,0,0
22703,86.82,86.81,-0.009999999999990905,0,0
22704,40.66,0.0,-40.66,0,0
22705,56.77,56.77,0.0,0,0
22706,83.72,83.1,-0.6200000000000045,0,0
22709,55.43,55.32,-0.10999999999999943,0,0
22710,56.84,56.83,-0.010000000000005116,0,0
22711,56.72,56.71,-0.00999999999999801,0,0
22713,56.77,56.77,0.0,0,0
22714,56.5,56.48,-0.020000000000003126,0,0
22715,56.67,56.67,0.0,0,0
22716,53.84,53.41,-0.4300000000000068,0,0
22718,71.12,30.15,-40.970000000000006,0,0
22719,0.0,0.0,0.0,0,0
22722,87.66,87.66,0.0,0,0
22727,43.32,0.0,-43.32,0,0
22728,55.66,55.58,-0.0799999999999983,0,0
22729,56.88,56.88,0.0,0,0
22756,55.66,55.58,-0.0799999999999983,0,0
22757,81.27,78.08,-3.1899999999999977,0,0
22758,56.72,56.71,-0.00999999999999801,0,0
22759,49.35,46.43,-2.9200000000000017,0,0
22769,54.76,54.54,-0.21999999999999886,0,0
22770,56.8,56.8,0.0,0,0
22771,56.88,56.88,0.0,0,0
22797,57.1,57.1,0.0,0,0
22799,46.81,40.97,-5.840000000000003,0,0
22807,93.75,92.86,-0.8900000000000006,0,0
22808,54.46,54.18,-0.28000000000000114,0,0
22809,83.54,82.78,-0.7600000000000051,0,0
22811,55.19,55.05,-0.14000000000000057,0,0
22812,56.44,56.43,-0.00999999999999801,0,0
22813,56.74,56.73,-0.010000000000005116,0,0
22814,54.38,54.08,-0.30000000000000426,0,0
22815,56.5,56.48,-0.020000000000003126,0,0
22820,56.61,56.61,0.0,0,0
22822,56.67,56.67,0.0,0,0
22823,56.38,56.36,-0.020000000000003126,0,0
22824,56.16,56.12,-0.03999999999999915,0,0
22826,56.01,55.97,-0.03999999999999915,0,0
22827,56.91,56.91,0.0,0,0
22828,56.44,56.43,-0.00999999999999801,0,0
22831,55.93,55.88,-0.04999999999999716,0,0
22834,57.1,57.1,0.0,0,0
22835,57.12,57.12,0.0,0,0
22836,57.02,57.02,0.0,0,0
22845,51.02,49.35,-1.6700000000000017,0,0
22846,43.32,0.0,-43.32,0,0
22847,44.9,0.0,-44.9,0,0
22848,48.74,45.24,-3.5,0,0
22851,56.44,56.43,-0.00999999999999801,0,0
22852,56.54,56.53,-0.00999999999999801,0,0
22853,87.85,87.85,0.0,0,0
22854,41.83,0.0,-41.83,0,0
22855,41.83,0.0,-41.83,0,0
22859,56.21,56.18,-0.030000000000001137,0,0
22860,56.83,56.82,-0.00999999999999801,0,0
22865,86.44,86.39,-0.04999999999999716,0,0
22866,80.44,77.64,-2.799999999999997,0,0
22867,56.54,56.53,-0.00999999999999801,0,0
22871,87.79,87.79,0.0,0,0
22872,56.38,56.36,-0.020000000000003126,0,0
22873,56.3,56.28,-0.01999999999999602,0,0
22874,55.28,55.15,-0.13000000000000256,0,0
22875,55.28,55.15,-0.13000000000000256,0,0
22876,56.67,56.67,0.0,0,0
22886,56.22,56.19,-0.030000000000001137,0,0
22887,56.7,56.69,-0.010000000000005116,0,0
22888,54.46,54.18,-0.28000000000000114,0,0
22889,56.58,56.57,-0.00999999999999801,0,0
22890,90.42,90.41,-0.010000000000005116,0,0
22895,87.28,87.28,0.0,0,0
22901,82.78,81.7,-1.0799999999999983,0,0
22905,56.67,56.67,0.0,0,0
22906,56.67,56.67,0.0,0,0
22907,87.02,87.02,0.0,0,0
22908,88.08,88.03,-0.04999999999999716,0,0
22909,99.62,99.62,0.0,0,0
22910,53.84,53.41,-0.4300000000000068,0,0
22953,56.67,56.67,0.0,0,0
22961,56.83,56.82,-0.00999999999999801,0,0
22962,57.08,57.08,0.0,0,0
22963,56.77,56.77,0.0,0,0
22964,56.93,56.93,0.0,0,0
22965,86.44,86.39,-0.04999999999999716,0,0
22966,84.72,84.35,-0.37000000000000455,0,0
22967,86.12,85.9,-0.21999999999999886,0,0
22971,86.99,86.97,-0.01999999999999602,0,0
22976,86.7,86.52,-0.18000000000000682,0,0
22977,87.38,87.38,0.0,0,0
23048,0.0,0.0,0.0,0,0
23049,55.76,55.69,-0.07000000000000028,0,0
23050,55.32,55.19,-0.13000000000000256,0,0
23051,57.1,57.1,0.0,0,0
23054,56.97,56.97,0.0,0,0
23063,56.86,56.86,0.0,0,0
23064,56.5,56.48,-0.020000000000003126,0,0
23065,56.74,56.73,-0.010000000000005116,0,0
23074,56.38,56.36,-0.020000000000003126,0,0
23082,0.0,0.0,0.0,0,0
23084,49.2,46.15,-3.0500000000000043,0,0
23085,56.92,56.91,-0.010000000000005116,0,0
23086,55.82,55.76,-0.060000000000002274,0,0
23087,56.92,56.92,0.0,0,0
23141,56.23,56.2,-0.02999999999999403,0,0
23180,78.61,74.22,-4.390000000000001,0,0
23181,44.15,0.0,-44.15,0,0
23228,85.93,85.84,-0.09000000000000341,0,0
23229,0.0,0.0,0.0,0,0
23230,54.54,54.28,-0.259999999999998,0,0
23235,84.17,83.22,-0.9500000000000028,0,0
23244,54.28,53.97,-0.3100000000000023,0,0
23245,56.77,56.77,0.0,0,0
23256,55.98,55.93,-0.04999999999999716,0,0
23257,56.94,56.94,0.0,0,0
23264,87.24,87.23,-0.009999999999990905,0,0
23265,87.25,87.23,-0.01999999999999602,0,0
23270,40.97,0.0,-40.97,0,0
23271,47.29,42.1,-5.189999999999998,0,0
23272,40.66,0.0,-40.66,0,0
23286,47.17,41.83,-5.340000000000003,0,0
23287,42.61,0.0,-42.61,0,0
23289,52.63,51.78,-0.8500000000000014,0,0
23290,53.06,52.38,-0.6799999999999997,0,0
23291,55.71,55.64,-0.07000000000000028,0,0
23292,53.97,53.57,-0.3999999999999986,0,0
23293,55.55,55.46,-0.0899999999999963,0,0
23294,55.82,55.76,-0.060000000000002274,0,0
23295,56.96,56.95,-0.00999999999999801,0,0
23296,56.84,56.83,-0.010000000000005116,0,0
23297,56.92,56.91,-0.010000000000005116,0,0
23298,56.77,56.77,0.0,0,0
23299,57.02,57.02,0.0,0,0
23300,56.26,56.23,-0.030000000000001137,0,0
23301,55.71,55.64,-0.07000000000000028,0,0
23302,56.31,56.28,-0.030000000000001137,0,0
23303,56.31,56.28,-0.030000000000001137,0,0
23304,88.32,88.24,-0.0799999999999983,0,0
23305,40.97,0.0,-40.97,0,0
23306,52.38,51.43,-0.9500000000000028,0,0
23307,56.54,56.53,-0.00999999999999801,0,0
23308,0.0,0.0,0.0,0,0
23309,0.0,0.0,0.0,0,0
23310,0.0,0.0,0.0,0,0
23315,78.13,73.09,-5.039999999999992,0,0
23327,86.9,86.88,-0.020000000000010232,0,0
23328,30.68,30.68,0.0,0,0
23338,57.0,57.0,0.0,0,0
23339,56.12,56.08,-0.03999999999999915,0,0
23340,56.13,56.1,-0.030000000000001137,0,0
23341,88.66,88.66,0.0,0,0
23342,56.04,56.0,-0.03999999999999915,0,0
23343,52.1,51.02,-1.0799999999999983,0,0
23344,0.0,0.0,0.0,0,0
23345,51.78,50.55,-1.230000000000004,0,0
23346,72.78,32.13,-40.65,0,0
23360,55.9,55.84,-0.05999999999999517,0,0
23361,56.7,56.69,-0.010000000000005116,0,0
23362,87.16,87.0,-0.1599999999999966,0,0
23363,55.43,55.32,-0.10999999999999943,0,0
23364,47.82,43.32,-4.5,0,0
23365,71.6,30.64,-40.959999999999994,0,0
23366,0.0,0.0,0.0,0,0
23369,85.99,85.92,-0.06999999999999318,0,0
23370,44.72,0.0,-44.72,0,0
23371,52.63,51.78,-0.8500000000000014,0,0
23372,0.0,30.3,30.3,1,1
23373,55.9,55.84,-0.05999999999999517,0,0
23374,48.02,43.75,-4.270000000000003,0,0
23375,0.0,0.0,0.0,0,0
23376,86.95,86.93,-0.01999999999999602,0,0
23380,56.64,56.64,0.0,0,0
23381,88.32,88.32,0.0,0,0
23382,86.64,86.49,-0.15000000000000568,0,0
23383,56.11,56.07,-0.03999999999999915,0,0
23384,53.84,53.41,-0.4300000000000068,0,0
23385,44.15,0.0,-44.15,0,0
23386,51.78,50.55,-1.230000000000004,0,0
23407,54.62,54.38,-0.23999999999999488,0,0
23408,78.23,73.47,-4.760000000000005,0,0
23409,72.47,30.64,-41.83,0,0
23410,48.57,44.9,-3.6700000000000017,0,0
23411,47.17,41.83,-5.340000000000003,0,0
23412,82.32,79.27,-3.049999999999997,0,0
23413,54.76,54.54,-0.21999999999999886,0,0
23414,54.18,53.84,-0.3399999999999963,0,0
23415,53.41,52.86,-0.5499999999999972,0,0
23416,56.82,56.81,-0.00999999999999801,0,0
23420,56.64,56.64,0.0,0,0
23428,0.0,0.0,0.0,0,0
23429,52.38,51.43,-0.9500000000000028,0,0
23433,54.54,54.28,-0.259999999999998,0,0
23434,53.84,53.41,-0.4300000000000068,0,0
23435,86.72,86.71,-0.010000000000005116,0,0
23436,55.43,55.32,-0.10999999999999943,0,0
23437,46.01,0.0,-46.01,0,0
23439,55.95,55.9,-0.05000000000000426,0,0
23440,48.82,45.4,-3.4200000000000017,0,0
23441,0.0,0.0,0.0,0,0
23442,0.0,0.0,0.0,0,0
23443,47.92,43.54,-4.380000000000003,0,0
23444,41.56,0.0,-41.56,0,0
23445,47.72,43.09,-4.6299999999999955,0,0
23446,84.32,83.92,-0.3999999999999915,0,0
23447,0.0,0.0,0.0,0,0
23448,0.0,0.0,0.0,0,0
23460,46.81,40.97,-5.840000000000003,0,0
23461,49.42,46.56,-2.8599999999999994,0,0
23462,54.28,53.97,-0.3100000000000023,0,0
23463,52.1,51.02,-1.0799999999999983,0,0
23464,56.83,56.82,-0.00999999999999801,0,0
23465,55.28,55.15,-0.13000000000000256,0,0
23466,55.49,55.39,-0.10000000000000142,0,0
23467,55.64,55.55,-0.09000000000000341,0,0
23468,55.69,55.61,-0.0799999999999983,0,0
23469,49.69,47.06,-2.6299999999999955,0,0
23470,55.64,55.55,-0.09000000000000341,0,0
23471,55.28,55.15,-0.13000000000000256,0,0
23522,50.5,48.48,-2.020000000000003,0,0
23534,0.0,0.0,0.0,0,0
23535,0.0,0.0,0.0,0,0
23536,0.0,0.0,0.0,0,0
23537,0.0,0.0,0.0,0,0
23538,0.0,0.0,0.0,0,0
23539,0.0,0.0,0.0,0,0
23588,33.47,33.47,0.0,0,0
23589,51.02,49.35,-1.6700000000000017,0,0
23590,55.84,55.78,-0.060000000000002274,0,0
23591,41.27,0.0,-41.27,0,0
23592,40.97,0.0,-40.97,0,0
23593,41.83,0.0,-41.83,0,0
23594,46.29,0.0,-46.29,0,0
23595,53.41,52.86,-0.5499999999999972,0,0
23596,81.99,80.01,-1.9799999999999898,0,0
23597,47.72,43.09,-4.6299999999999955,0,0
23605,0.0,0.0,0.0,0,0
23607,53.57,53.06,-0.509999999999998,0,0
23612,56.74,56.73,-0.010000000000005116,0,0
23613,56.04,56.0,-0.03999999999999915,0,0
23635,54.88,54.69,-0.19000000000000483,0,0
23636,54.62,54.38,-0.23999999999999488,0,0
23637,84.44,84.0,-0.4399999999999977,0,0
23638,47.82,43.32,-4.5,0,0
23639,56.54,56.53,-0.00999999999999801,0,0
23640,56.21,56.18,-0.030000000000001137,0,0
23653,87.45,87.44,-0.010000000000005116,0,0
23661,0.0,0.0,0.0,0,0
23662,0.0,0.0,0.0,0,0
23663,0.0,0.0,0.0,0,0
23664,0.0,0.0,0.0,0,0
23665,56.54,56.53,-0.00999999999999801,0,0
23666,57.13,57.13,0.0,0,0
23667,55.74,55.66,-0.0800000000000054,0,0
23677,52.86,52.1,-0.759999999999998,0,0
23678,51.78,50.55,-1.230000000000004,0,0
23679,33.65,33.65,0.0,0,0
23680,0.0,0.0,0.0,0,0
23681,45.07,0.0,-45.07,0,0
23694,0.0,0.0,0.0,0,0
23698,0.0,0.0,0.0,0,0
23727,33.79,33.79,0.0,0,0
23728,0.0,0.0,0.0,0,0
23729,0.0,0.0,0.0,0,0
23742,52.63,51.78,-0.8500000000000014,0,0
23751,45.71,0.0,-45.71,0,0
23752,51.43,50.0,-1.4299999999999997,0,0
23761,51.02,49.35,-1.6700000000000017,0,0
23762,52.38,51.43,-0.9500000000000028,0,0
23763,57.03,57.03,0.0,0,0
23764,56.79,56.78,-0.00999999999999801,0,0
23766,55.52,55.43,-0.09000000000000341,0,0
23767,54.28,53.97,-0.3100000000000023,0,0
23768,78.95,33.72,-45.230000000000004,0,0
23769,44.9,0.0,-44.9,0,0
23770,52.63,51.78,-0.8500000000000014,0,0
23771,55.52,55.43,-0.09000000000000341,0,0
23774,84.48,84.18,-0.29999999999999716,0,0
23775,30.64,30.64,0.0,0,0
23776,0.0,0.0,0.0,0,0
23777,46.43,0.0,-46.43,0,0
23778,41.83,0.0,-41.83,0,0
23781,55.1,54.94,-0.1600000000000037,0,0
23782,47.62,42.85,-4.769999999999996,0,0
23854,48.21,44.15,-4.060000000000002,0,0
23855,50.55,48.57,-1.9799999999999969,0,0
23856,0.0,0.0,0.0,0,0
23857,0.0,0.0,0.0,0,0
23858,0.0,0.0,0.0,0,0
23859,79.61,76.35,-3.260000000000005,0,0
23860,44.72,0.0,-44.72,0,0
23861,43.75,0.0,-43.75,0,0
23863,47.62,42.85,-4.769999999999996,0,0
23864,48.3,44.35,-3.9499999999999957,0,0
23865,75.97,33.61,-42.36,0,0
23866,0.0,0.0,0.0,0,0
23867,41.56,0.0,-41.56,0,0
23868,51.78,50.55,-1.230000000000004,0,0
23869,72.04,31.38,-40.66000000000001,0,0
23870,52.1,51.02,-1.0799999999999983,0,0
23871,55.1,54.94,-0.1600000000000037,0,0
23872,55.1,54.94,-0.1600000000000037,0,0
23873,46.81,40.97,-5.840000000000003,0,0
23874,49.49,46.69,-2.8000000000000043,0,0
23875,54.82,54.62,-0.20000000000000284,0,0
23876,55.46,55.36,-0.10000000000000142,0,0
23877,75.83,30.59,-45.239999999999995,0,0
23878,56.22,56.19,-0.030000000000001137,0,0
23879,56.1,56.06,-0.03999999999999915,0,0
23880,42.1,0.0,-42.1,0,0
23881,55.36,55.24,-0.11999999999999744,0,0
23882,47.06,41.56,-5.5,0,0
23883,48.4,44.54,-3.8599999999999994,0,0
23884,42.61,0.0,-42.61,0,0
23885,43.09,0.0,-43.09,0,0
23886,0.0,30.05,30.05,1,1
23887,52.38,51.43,-0.9500000000000028,0,0
23888,57.1,57.1,0.0,0,0
23889,56.94,56.94,0.0,0,0
23890,73.93,30.18,-43.75000000000001,0,0
23891,87.12,87.12,0.0,0,0
23892,51.02,49.35,-1.6700000000000017,0,0
23893,56.99,56.99,0.0,0,0
23894,55.32,55.19,-0.13000000000000256,0,0
23895,84.14,83.58,-0.5600000000000023,0,0
23896,42.61,0.0,-42.61,0,0
23898,42.61,0.0,-42.61,0,0
23899,56.79,56.78,-0.00999999999999801,0,0
23900,55.98,55.93,-0.04999999999999716,0,0
23901,44.54,0.0,-44.54,0,0
23902,55.52,55.43,-0.09000000000000341,0,0
23904,49.81,47.29,-2.520000000000003,0,0
23905,50.55,48.57,-1.9799999999999969,0,0
23906,52.38,51.43,-0.9500000000000028,0,0
23907,52.38,51.43,-0.9500000000000028,0,0
23908,55.64,55.55,-0.09000000000000341,0,0
23909,54.82,54.62,-0.20000000000000284,0,0
23910,55.46,55.36,-0.10000000000000142,0,0
23911,56.38,56.36,-0.020000000000003126,0,0
23912,56.38,56.36,-0.020000000000003126,0,0
23913,56.08,56.04,-0.03999999999999915,0,0
23914,55.49,55.39,-0.10000000000000142,0,0
23915,55.0,54.82,-0.17999999999999972,0,0
23916,56.06,56.01,-0.05000000000000426,0,0
23917,56.64,56.64,0.0,0,0
23918,55.0,54.82,-0.17999999999999972,0,0
23919,45.86,0.0,-45.86,0,0
23921,54.62,54.38,-0.23999999999999488,0,0
23922,0.0,0.0,0.0,0,0
23923,0.0,0.0,0.0,0,0
23924,56.82,56.81,-0.00999999999999801,0,0
23925,86.0,85.82,-0.18000000000000682,0,0
23926,0.0,0.0,0.0,0,0
23927,0.0,0.0,0.0,0,0
23928,54.38,54.08,-0.30000000000000426,0,0
23929,52.86,52.1,-0.759999999999998,0,0
23931,55.58,55.49,-0.0899999999999963,0,0
23932,0.0,0.0,0.0,0,0
23936,54.62,54.38,-0.23999999999999488,0,0
23937,56.5,56.48,-0.020000000000003126,0,0
23938,56.99,56.99,0.0,0,0
23939,56.23,56.2,-0.02999999999999403,0,0
23940,86.69,86.58,-0.10999999999999943,0,0
23942,0.0,0.0,0.0,0,0
23943,52.86,52.1,-0.759999999999998,0,0
23944,51.02,49.35,-1.6700000000000017,0,0
23945,56.23,56.2,-0.02999999999999403,0,0
23960,83.11,82.16,-0.9500000000000028,0,0
23961,56.92,56.91,-0.010000000000005116,0,0
23962,81.5,80.08,-1.4200000000000017,0,0
23963,88.32,88.31,-0.009999999999990905,0,0
23964,57.05,57.05,0.0,0,0
23965,86.3,85.8,-0.5,0,0
23967,56.3,56.28,-0.01999999999999602,0,0
23976,55.74,55.66,-0.0800000000000054,0,0
23977,56.31,56.28,-0.030000000000001137,0,0
23978,55.8,55.74,-0.05999999999999517,0,0
23983,42.36,0.0,-42.36,0,0
23984,53.06,52.38,-0.6799999999999997,0,0
23985,55.32,55.19,-0.13000000000000256,0,0
23986,53.25,52.63,-0.6199999999999974,0,0
23987,51.43,50.0,-1.4299999999999997,0,0
23988,33.62,33.62,0.0,0,0
23989,40.66,0.0,-40.66,0,0
23990,49.42,46.56,-2.8599999999999994,0,0
23992,50.55,48.57,-1.9799999999999969,0,0
23993,57.08,57.08,0.0,0,0
23994,49.42,46.56,-2.8599999999999994,0,0
23995,53.97,53.57,-0.3999999999999986,0,0
23996,56.64,56.64,0.0,0,0
23997,52.38,51.43,-0.9500000000000028,0,0
24002,54.28,53.97,-0.3100000000000023,0,0
24003,72.06,30.23,-41.83,0,0
24004,40.97,0.0,-40.97,0,0
24005,52.63,51.78,-0.8500000000000014,0,0
24006,45.86,0.0,-45.86,0,0
24007,46.15,0.0,-46.15,0,0
24008,41.27,0.0,-41.27,0,0
24011,48.57,44.9,-3.6700000000000017,0,0
24012,44.35,0.0,-44.35,0,0
24013,0.0,0.0,0.0,0,0
24014,0.0,0.0,0.0,0,0
24015,0.0,0.0,0.0,0,0
24016,91.92,91.89,-0.030000000000001137,0,0
24017,46.56,40.33,-6.230000000000004,0,0
24018,51.02,49.35,-1.6700000000000017,0,0
24022,85.31,85.03,-0.28000000000000114,0,0
24023,85.4,85.17,-0.23000000000000398,0,0
24024,0.0,0.0,0.0,0,0
24025,54.82,54.62,-0.20000000000000284,0,0
24026,54.94,54.76,-0.17999999999999972,0,0
24027,57.06,57.06,0.0,0,0
24028,57.07,57.06,-0.00999999999999801,0,0
24029,55.61,55.52,-0.0899999999999963,0,0
24030,56.88,56.88,0.0,0,0
24031,54.28,53.97,-0.3100000000000023,0,0
24056,45.56,0.0,-45.56,0,0
24057,52.38,51.43,-0.9500000000000028,0,0
24058,55.82,55.76,-0.060000000000002274,0,0
24059,56.5,56.48,-0.020000000000003126,0,0
24060,54.69,54.46,-0.22999999999999687,0,0
24061,54.28,53.97,-0.3100000000000023,0,0
24062,54.28,53.97,-0.3100000000000023,0,0
24063,52.63,51.78,-0.8500000000000014,0,0
24064,49.88,47.4,-2.480000000000004,0,0
24065,54.54,54.28,-0.259999999999998,0,0
24066,53.71,53.25,-0.46000000000000085,0,0
24067,52.86,52.1,-0.759999999999998,0,0
24068,52.38,51.43,-0.9500000000000028,0,0
24069,51.02,49.35,-1.6700000000000017,0,0
24070,33.67,33.67,0.0,0,0
24071,48.4,44.54,-3.8599999999999994,0,0
24072,40.66,0.0,-40.66,0,0
24073,0.0,0.0,0.0,0,0
24074,34.29,34.29,0.0,0,0
24075,56.54,56.53,-0.00999999999999801,0,0
24076,53.97,53.57,-0.3999999999999986,0,0
24077,57.08,57.08,0.0,0,0
24078,84.75,84.5,-0.25,0,0
24079,55.52,55.43,-0.09000000000000341,0,0
24080,55.1,54.94,-0.1600000000000037,0,0
24081,57.01,57.01,0.0,0,0
24082,57.11,57.11,0.0,0,0
24083,57.05,57.05,0.0,0,0
24084,47.17,41.83,-5.340000000000003,0,0
24085,48.02,43.75,-4.270000000000003,0,0
24129,46.43,0.0,-46.43,0,0
24130,48.57,44.9,-3.6700000000000017,0,0
24131,82.83,81.99,-0.8400000000000034,0,0
24132,30.5,30.5,0.0,0,0
24133,53.57,53.06,-0.509999999999998,0,0
24134,54.82,54.62,-0.20000000000000284,0,0
24135,55.76,55.69,-0.07000000000000028,0,0
24136,49.62,46.94,-2.6799999999999997,0,0
24137,53.84,53.41,-0.4300000000000068,0,0
24138,49.62,46.94,-2.6799999999999997,0,0
24142,0.0,0.0,0.0,0,0
24143,40.66,0.0,-40.66,0,0
24144,54.08,53.71,-0.36999999999999744,0,0
24145,52.1,51.02,-1.0799999999999983,0,0
24146,57.02,57.02,0.0,0,0
24147,52.86,52.1,-0.759999999999998,0,0
24148,0.0,0.0,0.0,0,0
24149,0.0,30.03,30.03,1,1
24150,54.62,54.38,-0.23999999999999488,0,0
24151,55.58,55.49,-0.0899999999999963,0,0
24152,56.89,56.89,0.0,0,0
24153,85.26,84.94,-0.3200000000000074,0,0
24154,56.67,56.67,0.0,0,0
24155,56.5,56.48,-0.020000000000003126,0,0
24156,55.93,55.88,-0.04999999999999716,0,0
24157,54.38,54.08,-0.30000000000000426,0,0
24158,44.72,0.0,-44.72,0,0
24159,0.0,0.0,0.0,0,0
24160,0.0,0.0,0.0,0,0
24161,55.9,55.84,-0.05999999999999517,0,0
24162,54.54,54.28,-0.259999999999998,0,0
24163,56.08,56.04,-0.03999999999999915,0,0
24164,0.0,70.53,70.53,1,1
24165,54.46,54.18,-0.28000000000000114,0,0
24166,54.69,54.46,-0.22999999999999687,0,0
24167,47.51,42.61,-4.899999999999999,0,0
24168,56.87,56.86,-0.00999999999999801,0,0
24169,0.0,0.0,0.0,0,0
24170,0.0,0.0,0.0,0,0
24171,42.36,0.0,-42.36,0,0
24172,77.72,72.96,-4.760000000000005,0,0
24173,54.46,54.18,-0.28000000000000114,0,0
24174,50.11,47.82,-2.289999999999999,0,0
24175,0.0,0.0,0.0,0,0
24177,55.78,55.71,-0.07000000000000028,0,0
24178,34.32,34.32,0.0,0,0
24179,55.9,55.84,-0.05999999999999517,0,0
24180,54.54,54.28,-0.259999999999998,0,0
24181,55.32,55.19,-0.13000000000000256,0,0
24182,49.42,77.45,28.03,1,0
24183,86.09,86.04,-0.04999999999999716,0,0
24184,49.62,46.94,-2.6799999999999997,0,0
24185,56.96,56.95,-0.00999999999999801,0,0
24186,80.17,34.16,-46.010000000000005,0,0
24187,51.78,50.55,-1.230000000000004,0,0
24189,48.57,44.9,-3.6700000000000017,0,0
24190,47.72,43.09,-4.6299999999999955,0,0
24191,55.84,55.78,-0.060000000000002274,0,0
24194,55.39,55.28,-0.10999999999999943,0,0
24196,52.63,51.78,-0.8500000000000014,0,0
24197,53.41,52.86,-0.5499999999999972,0,0
24198,56.58,56.57,-0.00999999999999801,0,0
24240,53.06,52.38,-0.6799999999999997,0,0
24244,56.3,56.28,-0.01999999999999602,0,0
24245,86.59,86.44,-0.15000000000000568,0,0
24246,83.4,82.32,-1.0800000000000125,0,0
24247,80.05,74.2,-5.849999999999994,0,0
24248,56.92,56.92,0.0,0,0
24249,55.32,55.19,-0.13000000000000256,0,0
24252,46.69,40.66,-6.030000000000001,0,0
24253,47.92,73.79,25.870000000000005,1,0
24254,53.71,53.25,-0.46000000000000085,0,0
24255,53.71,53.25,-0.46000000000000085,0,0
24257,56.61,56.61,0.0,0,0
24259,57.03,57.03,0.0,0,0
24260,56.76,56.75,-0.00999999999999801,0,0
24261,0.0,0.0,0.0,0,0
24277,0.0,0.0,0.0,0,0
24278,0.0,0.0,0.0,0,0
24279,55.32,55.19,-0.13000000000000256,0,0
24280,55.24,55.1,-0.14000000000000057,0,0
24281,30.08,31.24,1.1600000000000001,1,0
24282,54.38,54.08,-0.30000000000000426,0,0
24283,54.08,53.71,-0.36999999999999744,0,0
24284,55.15,55.0,-0.14999999999999858,0,0
24285,55.39,55.28,-0.10999999999999943,0,0
24286,55.0,54.82,-0.17999999999999972,0,0
24287,54.18,53.84,-0.3399999999999963,0,0
24288,0.0,0.0,0.0,0,0
24289,55.28,55.15,-0.13000000000000256,0,0
24290,56.64,56.64,0.0,0,0
24291,56.84,56.83,-0.010000000000005116,0,0
24292,56.14,56.11,-0.030000000000001137,0,0
24293,56.64,56.64,0.0,0,0
24298,56.7,56.69,-0.010000000000005116,0,0
24299,88.35,88.32,-0.030000000000001137,0,0
24301,56.9,56.9,0.0,0,0
24302,55.49,55.39,-0.10000000000000142,0,0
24304,56.79,56.78,-0.00999999999999801,0,0
24305,56.79,56.78,-0.00999999999999801,0,0
24306,56.44,56.43,-0.00999999999999801,0,0
24307,87.04,86.53,-0.5100000000000051,0,0
24323,87.35,87.3,-0.04999999999999716,0,0
24324,55.43,55.32,-0.10999999999999943,0,0
24331,56.16,56.12,-0.03999999999999915,0,0
24332,52.63,51.78,-0.8500000000000014,0,0
24333,56.91,56.9,-0.00999999999999801,0,0
24336,47.82,43.32,-4.5,0,0
24337,50.55,48.57,-1.9799999999999969,0,0
24338,56.38,56.36,-0.020000000000003126,0,0
24339,40.97,0.0,-40.97,0,0
24345,86.33,86.3,-0.030000000000001137,0,0
24346,87.29,87.27,-0.020000000000010232,0,0
24347,34.2,34.2,0.0,0,0
24348,0.0,0.0,0.0,0,0
24349,48.3,44.35,-3.9499999999999957,0,0
24350,30.1,30.1,0.0,0,0
24351,46.15,0.0,-46.15,0,0
24352,56.38,56.36,-0.020000000000003126,0,0
24353,56.79,56.78,-0.00999999999999801,0,0
24357,85.85,85.68,-0.1699999999999875,0,0
24358,55.97,55.92,-0.04999999999999716,0,0
24359,53.41,52.86,-0.5499999999999972,0,0
24366,56.88,56.88,0.0,0,0
24367,57.03,87.06,30.03,1,0
24368,56.2,56.17,-0.030000000000001137,0,0
24369,56.61,56.61,0.0,0,0
24370,47.92,43.54,-4.380000000000003,0,0
24371,55.97,55.92,-0.04999999999999716,0,0
24372,56.84,56.83,-0.010000000000005116,0,0
24373,53.71,53.25,-0.46000000000000085,0,0
24374,56.84,56.83,-0.010000000000005116,0,0
24375,53.57,53.06,-0.509999999999998,0,0
24376,56.76,56.75,-0.00999999999999801,0,0
24377,52.86,52.1,-0.759999999999998,0,0
24378,54.54,54.28,-0.259999999999998,0,0
24379,55.32,55.19,-0.13000000000000256,0,0
24380,74.14,74.14,0.0,0,0
24381,70.12,70.12,0.0,0,0
24382,57.01,57.01,0.0,0,0
24383,57.0,57.0,0.0,0,0
24384,43.96,0.0,-43.96,0,0
24385,56.12,56.08,-0.03999999999999915,0,0
24386,57.1,57.1,0.0,0,0
24387,46.56,40.33,-6.230000000000004,0,0
24388,55.1,85.1,29.999999999999993,1,0
24389,55.9,55.84,-0.05999999999999517,0,0
24390,53.06,52.38,-0.6799999999999997,0,0
24391,53.25,52.63,-0.6199999999999974,0,0
24392,54.28,53.97,-0.3100000000000023,0,0
24393,0.0,0.0,0.0,0,0
24394,0.0,0.0,0.0,0,0
24395,56.86,56.86,0.0,0,0
24396,55.9,55.84,-0.05999999999999517,0,0
24397,84.56,84.29,-0.269999999999996,0,0
24503,47.29,42.1,-5.189999999999998,0,0
24504,81.81,81.74,-0.07000000000000739,0,0
24505,54.08,53.71,-0.36999999999999744,0,0
24508,55.78,55.71,-0.07000000000000028,0,0
24509,57.02,57.02,0.0,0,0
24510,57.13,57.13,0.0,0,0
24511,57.08,57.08,0.0,0,0
24512,57.08,57.08,0.0,0,0
24513,57.09,57.09,0.0,0,0
24514,87.22,87.19,-0.030000000000001137,0,0
24515,86.92,86.9,-0.01999999999999602,0,0
24516,54.54,54.28,-0.259999999999998,0,0
24534,78.08,31.92,-46.16,0,0
24537,46.69,40.66,-6.030000000000001,0,0
24545,87.67,87.52,-0.15000000000000568,0,0
24546,56.04,56.0,-0.03999999999999915,0,0
24547,55.69,55.61,-0.0799999999999983,0,0
24548,56.31,56.28,-0.030000000000001137,0,0
24549,53.25,52.63,-0.6199999999999974,0,0
24550,53.41,52.86,-0.5499999999999972,0,0
24551,45.56,0.0,-45.56,0,0
24553,56.01,55.97,-0.03999999999999915,0,0
24554,0.0,0.0,0.0,0,0
24555,40.66,0.0,-40.66,0,0
24556,0.0,0.0,0.0,0,0
24557,42.36,0.0,-42.36,0,0
24558,56.54,56.53,-0.00999999999999801,0,0
24559,46.81,40.97,-5.840000000000003,0,0
24560,45.07,0.0,-45.07,0,0
24561,44.54,0.0,-44.54,0,0
24563,55.28,55.15,-0.13000000000000256,0,0
24564,43.54,0.0,-43.54,0,0
24567,0.0,0.0,0.0,0,0
24568,0.0,0.0,0.0,0,0
24569,44.54,0.0,-44.54,0,0
24570,56.21,56.18,-0.030000000000001137,0,0
24571,45.4,0.0,-45.4,0,0
24572,56.61,56.61,0.0,0,0
24573,57.0,57.0,0.0,0,0
24576,74.68,32.57,-42.11000000000001,0,0
24577,42.85,0.0,-42.85,0,0
24578,42.85,0.0,-42.85,0,0
24579,0.0,0.0,0.0,0,0
24580,50.55,48.57,-1.9799999999999969,0,0
24581,0.0,0.0,0.0,0,0
24582,56.82,56.81,-0.00999999999999801,0,0
24583,56.28,56.26,-0.020000000000003126,0,0
24584,54.62,54.38,-0.23999999999999488,0,0
24585,55.61,55.52,-0.0899999999999963,0,0
24586,56.61,56.61,0.0,0,0
24587,86.3,86.28,-0.01999999999999602,0,0
24588,56.85,56.85,0.0,0,0
24589,56.38,56.36,-0.020000000000003126,0,0
24636,79.81,73.78,-6.030000000000001,0,0
24637,56.72,56.71,-0.00999999999999801,0,0
24638,86.58,86.49,-0.09000000000000341,0,0
24639,86.8,86.75,-0.04999999999999716,0,0
24641,56.79,56.78,-0.00999999999999801,0,0
24642,56.85,56.85,0.0,0,0
24643,55.86,55.8,-0.060000000000002274,0,0
24644,82.68,81.01,-1.6700000000000017,0,0
24645,56.64,56.64,0.0,0,0
24647,55.74,55.66,-0.0800000000000054,0,0
24648,56.54,56.53,-0.00999999999999801,0,0
24649,53.25,52.63,-0.6199999999999974,0,0
24652,0.0,0.0,0.0,0,0
24660,43.96,0.0,-43.96,0,0
24697,33.61,33.61,0.0,0,0
24698,55.66,55.58,-0.0799999999999983,0,0
24699,54.69,54.46,-0.22999999999999687,0,0
24700,56.44,56.43,-0.00999999999999801,0,0
24701,46.94,41.27,-5.669999999999995,0,0
24702,56.97,56.97,0.0,0,0
24703,50.55,48.57,-1.9799999999999969,0,0
24704,48.48,44.72,-3.759999999999998,0,0
24708,0.0,0.0,0.0,0,0
24740,56.54,56.53,-0.00999999999999801,0,0
24741,56.35,56.32,-0.030000000000001137,0,0
24742,57.07,57.07,0.0,0,0
24743,56.44,56.43,-0.00999999999999801,0,0
24745,56.95,56.94,-0.010000000000005116,0,0
24746,56.96,56.96,0.0,0,0
24747,56.99,56.99,0.0,0,0
24748,57.11,57.11,0.0,0,0
24756,54.08,53.71,-0.36999999999999744,0,0
24757,56.2,56.17,-0.030000000000001137,0,0
24758,49.28,46.29,-2.990000000000002,0,0
24759,56.54,56.53,-0.00999999999999801,0,0
24760,57.02,57.02,0.0,0,0
24761,40.97,0.0,-40.97,0,0
24762,47.62,42.85,-4.769999999999996,0,0
24763,55.52,55.43,-0.09000000000000341,0,0
24764,56.08,56.04,-0.03999999999999915,0,0
24767,86.96,86.95,-0.009999999999990905,0,0
24768,56.79,56.78,-0.00999999999999801,0,0
24769,84.75,84.32,-0.4300000000000068,0,0
24770,53.97,53.57,-0.3999999999999986,0,0
24771,57.1,57.1,0.0,0,0
24774,55.52,55.43,-0.09000000000000341,0,0
24775,55.84,55.78,-0.060000000000002274,0,0
24776,55.8,55.74,-0.05999999999999517,0,0
24777,56.38,56.36,-0.020000000000003126,0,0
24778,56.44,56.43,-0.00999999999999801,0,0
24779,56.24,56.21,-0.030000000000001137,0,0
24780,55.05,54.88,-0.1699999999999946,0,0
24781,52.1,51.02,-1.0799999999999983,0,0
24782,53.41,52.86,-0.5499999999999972,0,0
24783,56.03,55.98,-0.05000000000000426,0,0
24784,55.78,55.71,-0.07000000000000028,0,0
24785,55.19,55.05,-0.14000000000000057,0,0
24814,43.75,0.0,-43.75,0,0
24815,54.18,53.84,-0.3399999999999963,0,0
24818,56.21,56.18,-0.030000000000001137,0,0
24854,56.38,56.36,-0.020000000000003126,0,0
24855,56.44,86.97,30.53,1,0
24857,87.12,86.8,-0.3200000000000074,0,0
24882,32.42,32.42,0.0,0,0
24883,42.85,0.0,-42.85,0,0
24884,49.81,47.29,-2.520000000000003,0,0
24885,52.1,51.02,-1.0799999999999983,0,0
24886,43.75,0.0,-43.75,0,0
24887,56.72,56.71,-0.00999999999999801,0,0
24888,55.88,55.82,-0.060000000000002274,0,0
24889,56.86,56.86,0.0,0,0
24890,0.0,0.0,0.0,0,0
24891,52.86,52.1,-0.759999999999998,0,0
24892,53.06,52.38,-0.6799999999999997,0,0
24893,89.53,89.53,0.0,0,0
24894,56.64,56.64,0.0,0,0
24895,31.11,31.11,0.0,0,0
24896,31.62,31.62,0.0,0,0
24897,75.27,31.52,-43.75,0,0
24898,46.29,0.0,-46.29,0,0
24899,88.72,88.71,-0.010000000000005116,0,0
24900,86.62,86.43,-0.18999999999999773,0,0
24901,54.69,54.46,-0.22999999999999687,0,0
24902,57.12,57.12,0.0,0,0
24903,48.82,45.4,-3.4200000000000017,0,0
24906,55.24,85.71,30.46999999999999,1,0
24907,42.85,0.0,-42.85,0,0
24908,51.02,49.35,-1.6700000000000017,0,0
24909,56.2,56.17,-0.030000000000001137,0,0
24910,48.02,43.75,-4.270000000000003,0,0
24911,56.38,56.36,-0.020000000000003126,0,0
24912,50.17,47.92,-2.25,0,0
24913,56.13,56.1,-0.030000000000001137,0,0
24914,56.44,56.43,-0.00999999999999801,0,0
24915,42.36,0.0,-42.36,0,0
24916,55.98,55.93,-0.04999999999999716,0,0
24917,47.29,42.1,-5.189999999999998,0,0
24918,53.71,53.25,-0.46000000000000085,0,0
24923,33.74,33.74,0.0,0,0
24924,48.02,43.75,-4.270000000000003,0,0
24925,50.0,47.62,-2.3800000000000026,0,0
24926,0.0,0.0,0.0,0,0
24927,50.55,78.78,28.230000000000004,1,0
24973,44.9,0.0,-44.9,0,0
24974,56.64,56.64,0.0,0,0
24976,49.42,46.56,-2.8599999999999994,0,0
24977,56.5,56.48,-0.020000000000003126,0,0
24978,51.02,49.35,-1.6700000000000017,0,0
24979,50.28,48.12,-2.1600000000000037,0,0
24980,57.1,57.1,0.0,0,0
24981,86.13,87.18,1.0500000000000114,1,0
24990,53.25,52.63,-0.6199999999999974,0,0
24991,54.54,54.28,-0.259999999999998,0,0
24992,45.71,0.0,-45.71,0,0
24993,50.23,48.02,-2.2099999999999937,0,0
24995,86.17,86.13,-0.04000000000000625,0,0
24996,55.05,85.21,30.159999999999997,1,0
24997,54.46,54.18,-0.28000000000000114,0,0
24998,51.78,50.55,-1.230000000000004,0,0
25081,44.9,0.0,-44.9,0,0
25082,54.54,54.28,-0.259999999999998,0,0
25092,85.07,83.99,-1.0799999999999983,0,0
25093,56.99,56.98,-0.010000000000005116,0,0
25094,54.94,54.76,-0.17999999999999972,0,0
25095,55.28,55.15,-0.13000000000000256,0,0
25096,86.82,86.82,0.0,0,0
25097,57.1,57.1,0.0,0,0
25098,56.77,56.77,0.0,0,0
25099,56.67,56.67,0.0,0,0
25100,51.78,50.55,-1.230000000000004,0,0
25101,50.55,48.57,-1.9799999999999969,0,0
25103,56.79,56.78,-0.00999999999999801,0,0
25104,52.1,51.02,-1.0799999999999983,0,0
25105,50.34,48.21,-2.1300000000000026,0,0
25106,54.08,53.71,-0.36999999999999744,0,0
25107,86.97,86.96,-0.010000000000005116,0,0
25108,86.39,86.34,-0.04999999999999716,0,0
25109,54.08,53.71,-0.36999999999999744,0,0
25110,52.63,51.78,-0.8500000000000014,0,0
25111,56.97,56.97,0.0,0,0
25116,55.78,55.71,-0.07000000000000028,0,0
25117,57.09,57.09,0.0,0,0
25118,56.96,56.95,-0.00999999999999801,0,0
25119,56.72,56.71,-0.00999999999999801,0,0
25120,43.32,0.0,-43.32,0,0
25121,41.27,0.0,-41.27,0,0
25122,56.77,56.77,0.0,0,0
25125,55.64,55.55,-0.09000000000000341,0,0
25144,52.63,51.78,-0.8500000000000014,0,0
25145,52.63,51.78,-0.8500000000000014,0,0
25146,56.72,56.71,-0.00999999999999801,0,0
25147,56.58,56.57,-0.00999999999999801,0,0
25148,51.78,50.55,-1.230000000000004,0,0
25149,56.1,56.06,-0.03999999999999915,0,0
25150,54.08,53.71,-0.36999999999999744,0,0
25151,31.92,31.92,0.0,0,0
25152,43.75,0.0,-43.75,0,0
25153,56.58,56.57,-0.00999999999999801,0,0
25154,41.56,0.0,-41.56,0,0
25155,52.1,51.02,-1.0799999999999983,0,0
25156,0.0,0.0,0.0,0,0
25157,56.21,56.18,-0.030000000000001137,0,0
25158,55.92,55.86,-0.060000000000002274,0,0
25160,56.67,56.67,0.0,0,0
25161,56.61,56.61,0.0,0,0
25162,53.71,53.25,-0.46000000000000085,0,0
25163,0.0,0.0,0.0,0,0
25164,0.0,0.0,0.0,0,0
25165,86.82,86.8,-0.01999999999999602,0,0
25168,40.97,0.0,-40.97,0,0
25179,57.02,57.02,0.0,0,0
25180,49.49,46.69,-2.8000000000000043,0,0
25181,55.71,55.64,-0.07000000000000028,0,0
25182,55.52,55.43,-0.09000000000000341,0,0
25183,56.85,56.85,0.0,0,0
25184,42.85,0.0,-42.85,0,0
25185,50.5,48.48,-2.020000000000003,0,0
25186,55.49,55.39,-0.10000000000000142,0,0
25187,56.07,56.03,-0.03999999999999915,0,0
25188,49.42,46.56,-2.8599999999999994,0,0
25189,56.44,56.43,-0.00999999999999801,0,0
25190,56.44,56.43,-0.00999999999999801,0,0
25191,54.54,54.28,-0.259999999999998,0,0
25192,56.95,56.94,-0.010000000000005116,0,0
25193,55.71,55.64,-0.07000000000000028,0,0
25194,56.0,55.95,-0.04999999999999716,0,0
25195,55.93,55.88,-0.04999999999999716,0,0
25196,56.98,56.98,0.0,0,0
25197,57.04,57.04,0.0,0,0
25198,56.89,56.89,0.0,0,0
25199,56.91,56.91,0.0,0,0
25200,56.28,56.26,-0.020000000000003126,0,0
25201,56.54,56.53,-0.00999999999999801,0,0
25202,56.92,56.91,-0.010000000000005116,0,0
25203,55.58,55.49,-0.0899999999999963,0,0
25204,55.71,55.64,-0.07000000000000028,0,0
25205,56.5,87.52,31.019999999999996,1,0
25260,42.61,0.0,-42.61,0,0
25261,53.41,52.86,-0.5499999999999972,0,0
25262,56.44,56.43,-0.00999999999999801,0,0
25263,42.85,0.0,-42.85,0,0
25264,0.0,0.0,0.0,0,0
25265,0.0,30.5,30.5,1,1
25266,0.0,0.0,0.0,0,0
25267,54.08,53.71,-0.36999999999999744,0,0
25268,56.7,56.69,-0.010000000000005116,0,0
25269,56.61,56.61,0.0,0,0
25270,86.51,86.49,-0.020000000000010232,0,0
25271,56.88,56.88,0.0,0,0
25272,54.76,54.54,-0.21999999999999886,0,0
25273,54.82,54.62,-0.20000000000000284,0,0
25274,47.82,43.32,-4.5,0,0
25275,43.09,0.0,-43.09,0,0
25290,48.48,44.72,-3.759999999999998,0,0
25291,55.24,55.1,-0.14000000000000057,0,0
25292,54.82,54.62,-0.20000000000000284,0,0
25293,57.07,57.07,0.0,0,0
25294,57.12,57.12,0.0,0,0
25295,53.06,52.38,-0.6799999999999997,0,0
25296,53.06,52.38,-0.6799999999999997,0,0
25297,56.12,56.08,-0.03999999999999915,0,0
25300,52.86,52.1,-0.759999999999998,0,0
25304,56.61,56.61,0.0,0,0
25307,55.88,55.82,-0.060000000000002274,0,0
25309,56.44,56.43,-0.00999999999999801,0,0
25311,55.66,55.58,-0.0799999999999983,0,0
25318,87.31,87.3,-0.010000000000005116,0,0
25351,56.67,56.67,0.0,0,0
25352,56.92,56.91,-0.010000000000005116,0,0
25360,56.79,56.78,-0.00999999999999801,0,0
25361,56.77,56.77,0.0,0,0
25362,56.8,56.8,0.0,0,0
25363,56.2,56.17,-0.030000000000001137,0,0
25364,56.28,56.25,-0.030000000000001137,0,0
25365,56.72,56.71,-0.00999999999999801,0,0
25366,54.94,54.76,-0.17999999999999972,0,0
25367,56.58,56.57,-0.00999999999999801,0,0
25379,87.02,87.01,-0.009999999999990905,0,0
25389,56.64,56.64,0.0,0,0
25390,56.61,56.61,0.0,0,0
25391,56.64,56.64,0.0,0,0
25393,56.61,56.61,0.0,0,0
25396,56.58,56.57,-0.00999999999999801,0,0
25397,50.17,47.92,-2.25,0,0
25398,55.64,55.55,-0.09000000000000341,0,0
25400,53.25,52.63,-0.6199999999999974,0,0
25401,84.21,83.53,-0.6799999999999926,0,0
25402,55.28,55.15,-0.13000000000000256,0,0
25403,52.1,51.02,-1.0799999999999983,0,0
25404,55.82,55.76,-0.060000000000002274,0,0
25405,55.84,55.78,-0.060000000000002274,0,0
25408,42.61,0.0,-42.61,0,0
25409,55.9,55.84,-0.05999999999999517,0,0
25410,54.54,54.28,-0.259999999999998,0,0
25411,56.92,56.91,-0.010000000000005116,0,0
25412,56.86,56.86,0.0,0,0
25413,56.67,56.67,0.0,0,0
25414,57.01,57.01,0.0,0,0
25415,49.62,46.94,-2.6799999999999997,0,0
25416,47.17,41.83,-5.340000000000003,0,0
25418,56.79,56.78,-0.00999999999999801,0,0
25419,45.71,0.0,-45.71,0,0
25420,46.94,41.27,-5.669999999999995,0,0
25421,48.9,45.56,-3.3399999999999963,0,0
25422,55.52,55.43,-0.09000000000000341,0,0
25423,56.88,56.87,-0.010000000000005116,0,0
25424,56.88,56.88,0.0,0,0
25425,56.83,56.82,-0.00999999999999801,0,0
25426,56.86,56.86,0.0,0,0
25427,57.07,57.07,0.0,0,0
25428,56.89,56.89,0.0,0,0
25429,81.66,79.99,-1.6700000000000017,0,0
25430,55.61,55.52,-0.0899999999999963,0,0
25431,56.96,56.95,-0.00999999999999801,0,0
25432,47.4,42.36,-5.039999999999999,0,0
25433,47.4,42.36,-5.039999999999999,0,0
25434,56.84,56.83,-0.010000000000005116,0,0
25451,56.9,56.9,0.0,0,0
25452,56.9,56.9,0.0,0,0
25455,56.38,56.36,-0.020000000000003126,0,0
25456,56.19,56.16,-0.030000000000001137,0,0
25457,88.04,87.89,-0.15000000000000568,0,0
25458,56.06,56.01,-0.05000000000000426,0,0
25518,49.88,47.4,-2.480000000000004,0,0
25519,43.54,0.0,-43.54,0,0
25520,46.56,40.33,-6.230000000000004,0,0
25562,57.12,57.12,0.0,0,0
25563,56.7,56.69,-0.010000000000005116,0,0
25564,56.92,56.92,0.0,0,0
25766,48.9,45.56,-3.3399999999999963,0,0
25767,55.15,55.0,-0.14999999999999858,0,0
25770,56.79,56.78,-0.00999999999999801,0,0
25771,55.58,55.49,-0.0899999999999963,0,0
25772,53.84,53.41,-0.4300000000000068,0,0
25777,55.1,54.94,-0.1600000000000037,0,0
25778,53.41,52.86,-0.5499999999999972,0,0
25779,50.28,48.12,-2.1600000000000037,0,0
25780,82.12,78.78,-3.3400000000000034,0,0
25785,49.06,45.86,-3.200000000000003,0,0
25797,41.83,0.0,-41.83,0,0
25798,48.57,44.9,-3.6700000000000017,0,0
25803,56.04,56.0,-0.03999999999999915,0,0
25804,46.01,0.0,-46.01,0,0
25829,42.36,0.0,-42.36,0,0
25830,0.0,0.0,0.0,0,0
25831,56.44,56.43,-0.00999999999999801,0,0
25868,0.0,0.0,0.0,0,0
25869,40.97,0.0,-40.97,0,0
25870,43.32,0.0,-43.32,0,0
25871,54.28,53.97,-0.3100000000000023,0,0
25872,54.82,54.62,-0.20000000000000284,0,0
25873,48.12,43.96,-4.159999999999997,0,0
25875,57.01,57.01,0.0,0,0
25919,57.04,57.04,0.0,0,0
25921,56.88,56.88,0.0,0,0
25923,56.58,56.57,-0.00999999999999801,0,0
25924,56.5,56.48,-0.020000000000003126,0,0
25925,56.28,56.26,-0.020000000000003126,0,0
25926,56.5,56.48,-0.020000000000003126,0,0
25927,52.38,51.43,-0.9500000000000028,0,0
25928,50.17,47.92,-2.25,0,0
25929,56.72,56.71,-0.00999999999999801,0,0
25930,48.98,45.71,-3.269999999999996,0,0
25931,0.0,0.0,0.0,0,0
25932,85.03,84.75,-0.28000000000000114,0,0
25933,0.0,0.0,0.0,0,0
25934,0.0,0.0,0.0,0,0
25935,0.0,0.0,0.0,0,0
25936,0.0,0.0,0.0,0,0
25937,71.96,71.96,0.0,0,0
25938,72.83,72.83,0.0,0,0
26271,56.64,56.64,0.0,0,0
26272,53.97,53.57,-0.3999999999999986,0,0
26273,85.88,85.73,-0.14999999999999147,0,0
26274,56.18,56.14,-0.03999999999999915,0,0
26275,55.15,55.0,-0.14999999999999858,0,0
26276,55.9,55.84,-0.05999999999999517,0,0
26277,56.73,56.72,-0.00999999999999801,0,0
26281,46.94,41.27,-5.669999999999995,0,0
26282,53.71,83.47,29.759999999999998,1,0
26283,54.94,54.76,-0.17999999999999972,0,0
26284,55.0,54.82,-0.17999999999999972,0,0
26285,56.2,56.17,-0.030000000000001137,0,0
26299,56.28,56.26,-0.020000000000003126,0,0
26302,56.16,56.12,-0.03999999999999915,0,0
26303,54.82,54.62,-0.20000000000000284,0,0
26304,55.24,55.1,-0.14000000000000057,0,0
26305,55.19,55.05,-0.14000000000000057,0,0
26306,57.02,57.02,0.0,0,0
26307,57.04,57.04,0.0,0,0
26308,55.52,55.43,-0.09000000000000341,0,0
26309,56.94,56.94,0.0,0,0
26310,56.58,56.57,-0.00999999999999801,0,0
26311,52.38,51.43,-0.9500000000000028,0,0
26313,55.69,55.61,-0.0799999999999983,0,0
26314,57.0,57.0,0.0,0,0
26315,53.57,53.06,-0.509999999999998,0,0
26317,45.24,0.0,-45.24,0,0
26319,56.84,56.83,-0.010000000000005116,0,0
26320,56.07,56.03,-0.03999999999999915,0,0
26322,81.06,77.72,-3.3400000000000034,0,0
26323,56.98,56.98,0.0,0,0
26326,56.74,56.73,-0.010000000000005116,0,0
26327,55.15,55.0,-0.14999999999999858,0,0
26328,56.79,56.78,-0.00999999999999801,0,0
26329,49.56,46.81,-2.75,0,0
26333,56.84,56.83,-0.010000000000005116,0,0
26334,56.06,56.01,-0.05000000000000426,0,0
26335,56.96,56.96,0.0,0,0
26336,56.83,56.82,-0.00999999999999801,0,0
26337,56.76,56.75,-0.00999999999999801,0,0
26338,56.58,56.57,-0.00999999999999801,0,0
26339,56.76,56.75,-0.00999999999999801,0,0
26340,56.79,56.78,-0.00999999999999801,0,0
26341,56.93,56.93,0.0,0,0
26342,55.78,55.71,-0.07000000000000028,0,0
26343,56.13,56.1,-0.030000000000001137,0,0
26344,56.31,56.28,-0.030000000000001137,0,0
26345,53.06,52.38,-0.6799999999999997,0,0
26349,56.84,56.83,-0.010000000000005116,0,0
26350,87.31,87.23,-0.0799999999999983,0,0
26351,56.58,56.57,-0.00999999999999801,0,0
26352,56.72,56.71,-0.00999999999999801,0,0
26353,57.11,57.11,0.0,0,0
26354,42.36,0.0,-42.36,0,0
26357,56.92,56.92,0.0,0,0
26358,57.09,57.09,0.0,0,0
26359,56.98,56.98,0.0,0,0
26360,85.86,85.76,-0.09999999999999432,0,0
26370,56.92,56.91,-0.010000000000005116,0,0
26371,56.61,56.61,0.0,0,0
26372,54.69,54.46,-0.22999999999999687,0,0
26373,43.75,0.0,-43.75,0,0
26374,33.9,33.9,0.0,0,0
26375,52.1,51.02,-1.0799999999999983,0,0
26376,56.83,56.82,-0.00999999999999801,0,0
26377,87.39,87.39,0.0,0,0
26378,56.44,56.43,-0.00999999999999801,0,0
26379,56.38,56.36,-0.020000000000003126,0,0
26380,53.06,52.38,-0.6799999999999997,0,0
26381,52.63,51.78,-0.8500000000000014,0,0
26382,0.0,0.0,0.0,0,0
26383,46.43,0.0,-46.43,0,0
26387,56.5,56.48,-0.020000000000003126,0,0
26388,53.25,52.63,-0.6199999999999974,0,0
26389,56.24,56.21,-0.030000000000001137,0,0
26390,56.98,56.98,0.0,0,0
26391,52.38,51.43,-0.9500000000000028,0,0
26392,44.54,0.0,-44.54,0,0
26394,47.29,42.1,-5.189999999999998,0,0
26395,55.98,55.93,-0.04999999999999716,0,0
26396,55.05,54.88,-0.1699999999999946,0,0
26397,86.96,86.96,0.0,0,0
26398,56.17,56.13,-0.03999999999999915,0,0
26399,55.24,55.1,-0.14000000000000057,0,0
26400,54.46,54.18,-0.28000000000000114,0,0
26401,55.82,55.76,-0.060000000000002274,0,0
26403,56.83,56.82,-0.00999999999999801,0,0
26404,56.84,56.83,-0.010000000000005116,0,0
26405,56.93,56.93,0.0,0,0
26406,57.07,57.07,0.0,0,0
26410,56.64,56.64,0.0,0,0
26411,56.82,56.81,-0.00999999999999801,0,0
26412,55.66,55.58,-0.0799999999999983,0,0
26413,56.31,56.28,-0.030000000000001137,0,0
26415,56.12,56.08,-0.03999999999999915,0,0
26416,50.34,48.21,-2.1300000000000026,0,0
26417,82.06,80.83,-1.230000000000004,0,0
26418,56.64,56.64,0.0,0,0
26419,86.75,86.73,-0.01999999999999602,0,0
26420,56.7,56.69,-0.010000000000005116,0,0
26421,53.25,52.63,-0.6199999999999974,0,0
26422,51.78,50.55,-1.230000000000004,0,0
26423,57.1,57.1,0.0,0,0
26424,56.7,56.69,-0.010000000000005116,0,0
26425,56.9,56.9,0.0,0,0
26426,56.77,56.77,0.0,0,0
26435,57.06,57.06,0.0,0,0
26436,55.19,55.05,-0.14000000000000057,0,0
26437,56.7,56.69,-0.010000000000005116,0,0
26438,57.06,57.06,0.0,0,0
26439,54.28,53.97,-0.3100000000000023,0,0
26440,56.61,56.61,0.0,0,0
26441,54.94,54.76,-0.17999999999999972,0,0
26442,56.97,56.97,0.0,0,0
26443,53.41,52.86,-0.5499999999999972,0,0
26444,56.21,56.18,-0.030000000000001137,0,0
26445,56.54,56.53,-0.00999999999999801,0,0
26459,56.12,56.08,-0.03999999999999915,0,0
26460,49.35,46.43,-2.9200000000000017,0,0
26463,56.5,56.48,-0.020000000000003126,0,0
26466,56.64,56.64,0.0,0,0
26467,56.38,56.36,-0.020000000000003126,0,0
26468,43.96,0.0,-43.96,0,0
26469,57.05,57.05,0.0,0,0
26470,56.18,56.14,-0.03999999999999915,0,0
26471,56.61,56.61,0.0,0,0
26472,56.7,56.69,-0.010000000000005116,0,0
26473,81.59,78.47,-3.1200000000000045,0,0
26479,55.05,54.88,-0.1699999999999946,0,0
26480,56.99,56.99,0.0,0,0
26481,52.38,51.43,-0.9500000000000028,0,0
26482,0.0,0.0,0.0,0,0
26485,0.0,0.0,0.0,0,0
26486,78.93,78.93,0.0,0,0
26487,0.0,0.0,0.0,0,0
26488,0.0,0.0,0.0,0,0
26489,0.0,0.0,0.0,0,0
26490,0.0,0.0,0.0,0,0
26491,0.0,0.0,0.0,0,0
26492,0.0,0.0,0.0,0,0
26494,0.0,0.0,0.0,0,0
26495,0.0,0.0,0.0,0,0
26496,0.0,0.0,0.0,0,0
26497,0.0,0.0,0.0,0,0
26498,0.0,0.0,0.0,0,0
26499,0.0,0.0,0.0,0,0
26500,0.0,0.0,0.0,0,0
26501,43.32,0.0,-43.32,0,0
26502,56.61,56.61,0.0,0,0
26503,43.75,0.0,-43.75,0,0
26504,56.67,56.67,0.0,0,0
26505,56.54,56.53,-0.00999999999999801,0,0
26506,54.08,53.71,-0.36999999999999744,0,0
26507,55.49,55.39,-0.10000000000000142,0,0
26508,55.19,55.05,-0.14000000000000057,0,0
26509,56.64,56.64,0.0,0,0
26511,57.05,57.05,0.0,0,0
26512,48.3,44.35,-3.9499999999999957,0,0
26513,56.79,56.78,-0.00999999999999801,0,0
26514,53.41,52.86,-0.5499999999999972,0,0
26515,48.12,43.96,-4.159999999999997,0,0
26516,56.44,56.43,-0.00999999999999801,0,0
26517,55.74,55.66,-0.0800000000000054,0,0
26518,50.55,48.57,-1.9799999999999969,0,0
26519,57.06,57.06,0.0,0,0
26520,55.05,54.88,-0.1699999999999946,0,0
26521,54.08,53.71,-0.36999999999999744,0,0
26522,48.82,45.4,-3.4200000000000017,0,0
26523,56.54,56.53,-0.00999999999999801,0,0
26524,56.79,56.78,-0.00999999999999801,0,0
26525,55.1,54.94,-0.1600000000000037,0,0
26526,54.82,54.62,-0.20000000000000284,0,0
26533,56.83,56.82,-0.00999999999999801,0,0
26534,56.31,56.28,-0.030000000000001137,0,0
26535,56.38,56.36,-0.020000000000003126,0,0
26536,56.74,56.73,-0.010000000000005116,0,0
26537,49.88,47.4,-2.480000000000004,0,0
26539,56.14,56.11,-0.030000000000001137,0,0
26540,56.01,55.97,-0.03999999999999915,0,0
26541,56.13,56.1,-0.030000000000001137,0,0
26542,52.86,52.1,-0.759999999999998,0,0
26543,52.86,52.1,-0.759999999999998,0,0
26544,87.2,87.19,-0.010000000000005116,0,0
26545,87.63,87.62,-0.009999999999990905,0,0
26546,56.83,56.82,-0.00999999999999801,0,0
26547,52.86,52.1,-0.759999999999998,0,0
26548,0.0,0.0,0.0,0,0
26549,42.61,0.0,-42.61,0,0
26550,50.55,48.57,-1.9799999999999969,0,0
26551,54.76,54.54,-0.21999999999999886,0,0
26552,54.38,54.08,-0.30000000000000426,0,0
26553,56.84,56.83,-0.010000000000005116,0,0
26554,52.38,51.43,-0.9500000000000028,0,0
26556,55.69,55.61,-0.0799999999999983,0,0
26557,55.9,55.84,-0.05999999999999517,0,0
26558,54.18,53.84,-0.3399999999999963,0,0
26559,55.66,55.58,-0.0799999999999983,0,0
26560,54.88,54.69,-0.19000000000000483,0,0
26561,54.82,54.62,-0.20000000000000284,0,0
26562,55.52,55.43,-0.09000000000000341,0,0
26563,56.1,56.06,-0.03999999999999915,0,0
26564,33.98,33.98,0.0,0,0
26565,42.85,0.0,-42.85,0,0
26566,52.86,52.1,-0.759999999999998,0,0
26577,57.11,57.11,0.0,0,0
26578,56.38,56.36,-0.020000000000003126,0,0
26585,0.0,0.0,0.0,0,0
26586,0.0,0.0,0.0,0,0
26587,0.0,0.0,0.0,0,0
26588,0.0,0.0,0.0,0,0
26589,0.0,0.0,0.0,0,0
26590,0.0,0.0,0.0,0,0
26591,0.0,0.0,0.0,0,0
26592,0.0,0.0,0.0,0,0
26604,0.0,0.0,0.0,0,0
26605,0.0,0.0,0.0,0,0
26606,0.0,0.0,0.0,0,0
26607,0.0,0.0,0.0,0,0
26608,0.0,0.0,0.0,0,0
26609,0.0,0.0,0.0,0,0
26610,0.0,0.0,0.0,0,0
26611,0.0,0.0,0.0,0,0
26612,0.0,0.0,0.0,0,0
26613,0.0,0.0,0.0,0,0
26614,0.0,0.0,0.0,0,0
26655,0.0,0.0,0.0,0,0
26656,0.0,0.0,0.0,0,0
26657,82.41,82.41,0.0,0,0
26658,80.13,80.13,0.0,0,0
26659,82.62,82.62,0.0,0,0
26660,0.0,0.0,0.0,0,0
26661,72.83,72.83,0.0,0,0
26662,75.57,75.57,0.0,0,0
26663,0.0,0.0,0.0,0,0
26666,0.0,0.0,0.0,0,0
26667,0.0,0.0,0.0,0,0
26678,0.0,0.0,0.0,0,0
26679,0.0,0.0,0.0,0,0
26681,0.0,0.0,0.0,0,0
26687,70.99,70.99,0.0,0,0
26716,0.0,0.0,0.0,0,0
26717,0.0,0.0,0.0,0,0
26718,79.84,79.84,0.0,0,0
26719,0.0,0.0,0.0,0,0
26720,0.0,0.0,0.0,0,0
26721,0.0,0.0,0.0,0,0
26722,0.0,0.0,0.0,0,0
26723,0.0,0.0,0.0,0,0
26724,0.0,0.0,0.0,0,0
26739,0.0,0.0,0.0,0,0
26740,0.0,0.0,0.0,0,0
26741,0.0,0.0,0.0,0,0
26742,0.0,0.0,0.0,0,0
26783,54.08,53.71,-0.36999999999999744,0,0
26785,56.44,56.43,-0.00999999999999801,0,0
26786,56.38,56.36,-0.020000000000003126,0,0
26787,55.88,55.82,-0.060000000000002274,0,0
26788,44.15,0.0,-44.15,0,0
26789,48.9,45.56,-3.3399999999999963,0,0
26790,41.83,0.0,-41.83,0,0
26794,73.47,30.61,-42.86,0,0
26805,55.43,55.32,-0.10999999999999943,0,0
26806,54.88,54.69,-0.19000000000000483,0,0
26809,42.61,0.0,-42.61,0,0
26810,56.38,56.36,-0.020000000000003126,0,0
26822,53.71,53.25,-0.46000000000000085,0,0
26823,56.93,56.93,0.0,0,0
26824,54.18,53.84,-0.3399999999999963,0,0
26825,46.69,40.66,-6.030000000000001,0,0
26826,48.98,45.71,-3.269999999999996,0,0
26827,56.79,56.78,-0.00999999999999801,0,0
26828,46.94,41.27,-5.669999999999995,0,0
26829,45.24,0.0,-45.24,0,0
26830,56.27,56.24,-0.030000000000001137,0,0
26831,46.81,40.97,-5.840000000000003,0,0
26832,53.25,52.63,-0.6199999999999974,0,0
26833,44.35,0.0,-44.35,0,0
26834,48.9,45.56,-3.3399999999999963,0,0
26835,46.15,0.0,-46.15,0,0
26836,80.38,78.18,-2.1999999999999886,0,0
26837,34.26,34.26,0.0,0,0
26838,40.33,0.0,-40.33,0,0
26839,0.0,0.0,0.0,0,0
26840,56.87,56.86,-0.00999999999999801,0,0
26841,56.0,55.95,-0.04999999999999716,0,0
26842,55.71,55.64,-0.07000000000000028,0,0
26848,0.0,0.0,0.0,0,0
26849,0.0,0.0,0.0,0,0
26850,50.55,48.57,-1.9799999999999969,0,0
26851,46.69,40.66,-6.030000000000001,0,0
26854,52.38,51.43,-0.9500000000000028,0,0
26855,86.96,87.54,0.5800000000000125,1,0
26856,54.94,54.76,-0.17999999999999972,0,0
26857,55.32,55.19,-0.13000000000000256,0,0
26876,53.25,52.63,-0.6199999999999974,0,0
26877,56.11,56.07,-0.03999999999999915,0,0
26878,57.07,57.07,0.0,0,0
26879,57.09,57.08,-0.010000000000005116,0,0
26880,57.06,57.06,0.0,0,0
26881,57.05,57.05,0.0,0,0
26882,57.08,57.08,0.0,0,0
26883,56.86,56.86,0.0,0,0
26884,56.98,56.98,0.0,0,0
26885,0.0,0.0,0.0,0,0
26886,0.0,0.0,0.0,0,0
26887,56.84,56.83,-0.010000000000005116,0,0
26888,76.6,76.6,0.0,0,0
26889,0.0,0.0,0.0,0,0
26890,0.0,0.0,0.0,0,0
26891,0.0,0.0,0.0,0,0
26892,0.0,0.0,0.0,0,0
26899,70.3,70.3,0.0,0,0
26900,0.0,0.0,0.0,0,0
26901,76.0,76.0,0.0,0,0
26902,0.0,0.0,0.0,0,0
26903,72.73,72.73,0.0,0,0
26904,0.0,0.0,0.0,0,0
26905,0.0,0.0,0.0,0,0
26906,0.0,0.0,0.0,0,0
26907,0.0,0.0,0.0,0,0
26908,0.0,0.0,0.0,0,0
26909,0.0,0.0,0.0,0,0
26910,0.0,0.0,0.0,0,0
26911,0.0,0.0,0.0,0,0
26912,81.2,81.2,0.0,0,0
26913,75.37,75.37,0.0,0,0
26914,0.0,0.0,0.0,0,0
26915,0.0,0.0,0.0,0,0
26916,0.0,0.0,0.0,0,0
26917,72.17,72.17,0.0,0,0
26918,0.0,0.0,0.0,0,0
26933,74.4,74.4,0.0,0,0
26940,77.81,77.81,0.0,0,0
26941,72.32,72.32,0.0,0,0
26942,0.0,0.0,0.0,0,0
26946,55.24,55.1,-0.14000000000000057,0,0
26947,74.6,32.23,-42.37,0,0
26948,40.66,0.0,-40.66,0,0
26949,49.94,47.51,-2.4299999999999997,0,0
26950,53.71,53.25,-0.46000000000000085,0,0
26951,56.55,86.59,30.040000000000006,1,0
26952,87.03,87.03,0.0,0,0
26953,49.35,46.43,-2.9200000000000017,0,0
26954,45.24,0.0,-45.24,0,0
26955,44.15,0.0,-44.15,0,0
26956,0.0,0.0,0.0,0,0
26957,56.79,56.78,-0.00999999999999801,0,0
26958,87.62,87.62,0.0,0,0
26959,87.59,87.59,0.0,0,0
26964,56.98,56.97,-0.00999999999999801,0,0
26971,56.38,56.36,-0.020000000000003126,0,0
26972,87.75,87.72,-0.030000000000001137,0,0
26973,56.31,56.28,-0.030000000000001137,0,0
26974,56.24,56.21,-0.030000000000001137,0,0
26975,33.81,33.81,0.0,0,0
26976,43.96,0.0,-43.96,0,0
26977,56.54,56.53,-0.00999999999999801,0,0
26978,48.21,44.15,-4.060000000000002,0,0
26979,55.93,55.88,-0.04999999999999716,0,0
26980,84.8,84.19,-0.6099999999999994,0,0
26981,87.54,87.53,-0.010000000000005116,0,0
26989,85.44,85.26,-0.1799999999999926,0,0
26990,55.78,55.71,-0.07000000000000028,0,0
26991,56.38,56.36,-0.020000000000003126,0,0
26992,53.97,53.57,-0.3999999999999986,0,0
26993,54.54,54.28,-0.259999999999998,0,0
26994,55.49,55.39,-0.10000000000000142,0,0
26995,56.38,56.36,-0.020000000000003126,0,0
26996,55.78,55.71,-0.07000000000000028,0,0
26997,56.84,56.83,-0.010000000000005116,0,0
26998,56.86,56.86,0.0,0,0
26999,56.44,56.43,-0.00999999999999801,0,0
27000,54.76,54.54,-0.21999999999999886,0,0
27001,54.38,54.08,-0.30000000000000426,0,0
27002,56.13,56.1,-0.030000000000001137,0,0
27003,56.17,56.13,-0.03999999999999915,0,0
27004,56.61,56.61,0.0,0,0
27005,53.06,52.38,-0.6799999999999997,0,0
27006,49.75,47.17,-2.5799999999999983,0,0
27007,56.19,56.16,-0.030000000000001137,0,0
27008,53.97,53.57,-0.3999999999999986,0,0
27009,50.5,48.48,-2.020000000000003,0,0
27010,43.96,0.0,-43.96,0,0
27011,44.9,0.0,-44.9,0,0
27012,41.27,0.0,-41.27,0,0
27013,48.3,44.35,-3.9499999999999957,0,0
27019,0.0,0.0,0.0,0,0
27020,54.38,54.08,-0.30000000000000426,0,0
27021,40.66,0.0,-40.66,0,0
27022,55.1,54.94,-0.1600000000000037,0,0
27023,48.74,45.24,-3.5,0,0
27024,47.17,41.83,-5.340000000000003,0,0
27025,45.56,0.0,-45.56,0,0
27026,48.02,43.75,-4.270000000000003,0,0
27027,55.32,55.19,-0.13000000000000256,0,0
27028,56.96,56.96,0.0,0,0
27029,54.76,54.54,-0.21999999999999886,0,0
27030,54.62,54.38,-0.23999999999999488,0,0
27031,54.88,54.69,-0.19000000000000483,0,0
27032,54.69,54.46,-0.22999999999999687,0,0
27033,48.4,44.54,-3.8599999999999994,0,0
27034,52.38,51.43,-0.9500000000000028,0,0
27035,53.97,53.57,-0.3999999999999986,0,0
27036,0.0,0.0,0.0,0,0
27037,51.78,50.55,-1.230000000000004,0,0
27038,0.0,0.0,0.0,0,0
27039,0.0,0.0,0.0,0,0
27040,0.0,0.0,0.0,0,0
27041,45.56,0.0,-45.56,0,0
27042,46.69,40.66,-6.030000000000001,0,0
27043,48.9,45.56,-3.3399999999999963,0,0
27044,55.39,55.28,-0.10999999999999943,0,0
27045,55.0,54.82,-0.17999999999999972,0,0
27046,51.78,50.55,-1.230000000000004,0,0
27047,52.63,51.78,-0.8500000000000014,0,0
27048,40.97,0.0,-40.97,0,0
27049,51.02,49.35,-1.6700000000000017,0,0
27050,43.54,0.0,-43.54,0,0
27053,54.62,54.38,-0.23999999999999488,0,0
27054,56.12,56.08,-0.03999999999999915,0,0
27055,43.96,0.0,-43.96,0,0
27082,0.0,0.0,0.0,0,0
27083,46.56,40.33,-6.230000000000004,0,0
27085,42.1,0.0,-42.1,0,0
27148,0.0,0.0,0.0,0,0
27149,72.12,72.12,0.0,0,0
27150,0.0,0.0,0.0,0,0
27151,56.83,56.82,-0.00999999999999801,0,0
27152,56.93,56.93,0.0,0,0
27153,56.72,56.71,-0.00999999999999801,0,0
27159,56.75,56.74,-0.00999999999999801,0,0
27160,56.97,56.97,0.0,0,0
27161,55.05,54.88,-0.1699999999999946,0,0
27162,48.57,44.9,-3.6700000000000017,0,0
27163,55.58,55.49,-0.0899999999999963,0,0
27164,54.28,53.97,-0.3100000000000023,0,0
27165,56.67,56.67,0.0,0,0
27166,56.58,56.57,-0.00999999999999801,0,0
27167,56.16,56.12,-0.03999999999999915,0,0
27168,44.72,0.0,-44.72,0,0
27169,44.35,0.0,-44.35,0,0
27170,52.63,51.78,-0.8500000000000014,0,0
27171,44.54,0.0,-44.54,0,0
27172,41.27,0.0,-41.27,0,0
27173,47.4,42.36,-5.039999999999999,0,0
27174,55.49,55.39,-0.10000000000000142,0,0
27175,54.94,54.76,-0.17999999999999972,0,0
27176,56.08,56.04,-0.03999999999999915,0,0
27177,56.89,56.89,0.0,0,0
27185,53.57,53.06,-0.509999999999998,0,0
27186,48.48,44.72,-3.759999999999998,0,0
27187,0.0,0.0,0.0,0,0
27188,55.88,55.82,-0.060000000000002274,0,0
27189,54.94,54.76,-0.17999999999999972,0,0
27190,57.04,57.04,0.0,0,0
27191,57.06,57.06,0.0,0,0
27192,56.61,56.61,0.0,0,0
27193,56.98,56.98,0.0,0,0
27196,56.07,56.03,-0.03999999999999915,0,0
27197,55.46,55.36,-0.10000000000000142,0,0
27198,56.38,56.36,-0.020000000000003126,0,0
27199,99.48,99.47,-0.010000000000005116,0,0
27200,54.54,54.28,-0.259999999999998,0,0
27205,0.0,0.0,0.0,0,0
27206,56.87,56.86,-0.00999999999999801,0,0
27252,56.44,56.43,-0.00999999999999801,0,0
27254,54.76,54.54,-0.21999999999999886,0,0
27257,47.62,73.08,25.46,1,0
27275,51.78,50.55,-1.230000000000004,0,0
27276,57.0,57.0,0.0,0,0
27277,56.7,56.69,-0.010000000000005116,0,0
27278,56.38,56.36,-0.020000000000003126,0,0
27279,56.91,56.9,-0.00999999999999801,0,0
27280,54.54,54.28,-0.259999999999998,0,0
27281,56.8,56.8,0.0,0,0
27282,56.91,56.91,0.0,0,0
27283,53.57,53.06,-0.509999999999998,0,0
27284,56.61,56.61,0.0,0,0
27285,56.44,56.43,-0.00999999999999801,0,0
27286,56.03,55.98,-0.05000000000000426,0,0
27287,56.84,56.83,-0.010000000000005116,0,0
27288,47.62,42.85,-4.769999999999996,0,0
27289,55.69,55.61,-0.0799999999999983,0,0
27290,55.97,55.92,-0.04999999999999716,0,0
27291,55.58,55.49,-0.0899999999999963,0,0
27292,56.24,56.21,-0.030000000000001137,0,0
27293,55.28,55.15,-0.13000000000000256,0,0
27294,56.44,56.43,-0.00999999999999801,0,0
27303,56.61,56.61,0.0,0,0
27304,57.1,57.1,0.0,0,0
27305,55.97,55.92,-0.04999999999999716,0,0
27313,56.9,56.9,0.0,0,0
27316,56.8,56.8,0.0,0,0
27319,57.07,57.07,0.0,0,0
27360,74.27,33.61,-40.66,0,0
27361,45.86,0.0,-45.86,0,0
27362,48.9,45.56,-3.3399999999999963,0,0
27363,57.03,57.03,0.0,0,0
27364,55.8,55.74,-0.05999999999999517,0,0
27365,56.12,56.08,-0.03999999999999915,0,0
27366,56.07,56.03,-0.03999999999999915,0,0
27401,54.62,54.38,-0.23999999999999488,0,0
27402,56.74,56.74,0.0,0,0
27403,56.55,56.54,-0.00999999999999801,0,0
27404,57.04,57.04,0.0,0,0
27405,51.78,50.55,-1.230000000000004,0,0
27407,54.82,54.62,-0.20000000000000284,0,0
27408,46.94,41.27,-5.669999999999995,0,0
27409,53.57,53.06,-0.509999999999998,0,0
27410,52.38,51.43,-0.9500000000000028,0,0
27411,52.63,51.78,-0.8500000000000014,0,0
27420,56.42,56.4,-0.020000000000003126,0,0
27421,54.62,54.38,-0.23999999999999488,0,0
27424,55.05,54.88,-0.1699999999999946,0,0
27425,53.71,53.25,-0.46000000000000085,0,0
27426,55.86,55.8,-0.060000000000002274,0,0
27427,56.65,56.64,-0.00999999999999801,0,0
27428,56.69,56.68,-0.00999999999999801,0,0
27429,56.64,56.63,-0.00999999999999801,0,0
27430,56.57,56.56,-0.00999999999999801,0,0
27431,56.41,56.39,-0.01999999999999602,0,0
27432,94.9,94.32,-0.5800000000000125,0,0
27434,56.76,56.76,0.0,0,0
27436,56.32,56.3,-0.020000000000003126,0,0
27437,56.75,56.74,-0.00999999999999801,0,0
27438,56.51,56.49,-0.01999999999999602,0,0
27439,56.36,56.34,-0.01999999999999602,0,0
27440,54.85,54.65,-0.20000000000000284,0,0
27441,56.82,56.82,0.0,0,0
27446,56.29,56.27,-0.01999999999999602,0,0
27447,53.51,52.98,-0.5300000000000011,0,0
27448,44.72,0.0,-44.72,0,0
27449,46.56,40.33,-6.230000000000004,0,0
27450,53.19,52.56,-0.6299999999999955,0,0
27456,56.46,56.44,-0.020000000000003126,0,0
27457,56.31,56.28,-0.030000000000001137,0,0
27458,49.23,46.19,-3.039999999999999,0,0
27459,56.2,56.17,-0.030000000000001137,0,0
27460,54.11,53.75,-0.35999999999999943,0,0
27461,53.28,52.68,-0.6000000000000014,0,0
27462,51.1,49.49,-1.6099999999999994,0,0
27463,53.46,52.92,-0.5399999999999991,0,0
27464,52.01,50.88,-1.1299999999999955,0,0
27465,52.86,52.1,-0.759999999999998,0,0
27466,55.37,55.26,-0.10999999999999943,0,0
27467,54.49,54.22,-0.2700000000000031,0,0
27468,56.86,56.85,-0.00999999999999801,0,0
27469,56.21,56.18,-0.030000000000001137,0,0
27470,55.09,54.93,-0.1600000000000037,0,0
27471,53.67,53.19,-0.480000000000004,0,0
27472,53.68,53.21,-0.46999999999999886,0,0
27473,54.84,54.64,-0.20000000000000284,0,0
27474,54.91,54.72,-0.18999999999999773,0,0
27475,56.8,56.8,0.0,0,0
27476,56.86,56.85,-0.00999999999999801,0,0
27477,56.41,56.4,-0.00999999999999801,0,0
27478,56.37,56.35,-0.01999999999999602,0,0
27479,56.54,56.53,-0.00999999999999801,0,0
27480,56.17,56.13,-0.03999999999999915,0,0
27481,56.98,56.98,0.0,0,0
27482,56.32,56.3,-0.020000000000003126,0,0
27483,49.94,47.51,-2.4299999999999997,0,0
27484,50.11,47.82,-2.289999999999999,0,0
27486,56.49,56.48,-0.010000000000005116,0,0
27487,48.57,44.9,-3.6700000000000017,0,0
27505,56.73,87.34,30.610000000000007,1,0
27506,56.65,56.64,-0.00999999999999801,0,0
27508,56.57,86.64,30.07,1,0
27509,41.56,0.0,-41.56,0,0
27510,48.57,44.9,-3.6700000000000017,0,0
27511,48.12,43.96,-4.159999999999997,0,0
27515,56.15,56.11,-0.03999999999999915,0,0
27516,56.75,56.74,-0.00999999999999801,0,0
27517,86.45,86.41,-0.04000000000000625,0,0
27519,57.04,57.04,0.0,0,0
27520,57.0,57.0,0.0,0,0
27521,54.94,54.75,-0.18999999999999773,0,0
27522,56.36,56.34,-0.01999999999999602,0,0
27523,57.0,57.0,0.0,0,0
27524,56.79,56.78,-0.00999999999999801,0,0
27525,56.39,56.37,-0.020000000000003126,0,0
27526,55.36,55.24,-0.11999999999999744,0,0
27527,55.68,55.6,-0.0799999999999983,0,0
27528,56.7,56.7,0.0,0,0
27530,55.66,55.58,-0.0799999999999983,0,0
27534,56.1,56.06,-0.03999999999999915,0,0
27535,42.85,30.03,-12.82,0,0
27536,51.43,50.0,-1.4299999999999997,0,0
27537,56.43,56.41,-0.020000000000003126,0,0
27538,87.26,87.24,-0.020000000000010232,0,0
27541,43.75,0.0,-43.75,0,0
27542,46.81,40.97,-5.840000000000003,0,0
27543,54.0,53.61,-0.39000000000000057,0,0
27544,40.97,0.0,-40.97,0,0
27545,56.57,56.56,-0.00999999999999801,0,0
27546,56.38,56.35,-0.030000000000001137,0,0
27575,56.94,56.93,-0.00999999999999801,0,0
27586,55.06,54.9,-0.1600000000000037,0,0
27592,41.15,0.0,-41.15,0,0
27593,47.27,42.05,-5.220000000000006,0,0
27594,54.35,54.05,-0.30000000000000426,0,0
27595,56.95,56.95,0.0,0,0
27596,55.42,55.31,-0.10999999999999943,0,0
27597,55.41,55.3,-0.10999999999999943,0,0
27598,54.59,54.34,-0.25,0,0
27599,55.34,55.21,-0.13000000000000256,0,0
27600,55.25,55.12,-0.13000000000000256,0,0
27601,54.77,54.56,-0.21000000000000085,0,0
27602,54.33,54.02,-0.30999999999999517,0,0
27603,45.66,0.0,-45.66,0,0
27614,56.05,56.01,-0.03999999999999915,0,0
27615,56.25,56.22,-0.030000000000001137,0,0
27617,50.84,49.06,-1.7800000000000011,0,0
27618,56.99,56.99,0.0,0,0
27619,54.35,54.05,-0.30000000000000426,0,0
27620,55.55,55.45,-0.09999999999999432,0,0
27621,54.86,54.66,-0.20000000000000284,0,0
27622,52.83,52.07,-0.759999999999998,0,0
27623,53.54,53.02,-0.519999999999996,0,0
27624,53.68,53.21,-0.46999999999999886,0,0
27625,46.78,40.88,-5.899999999999999,0,0
27626,47.65,42.93,-4.719999999999999,0,0
27627,48.28,44.29,-3.990000000000002,0,0
27628,54.66,54.42,-0.23999999999999488,0,0
27629,47.13,41.73,-5.400000000000006,0,0
27630,43.99,0.0,-43.99,0,0
27631,52.53,51.65,-0.8800000000000026,0,0
27632,50.18,47.94,-2.240000000000002,0,0
27633,51.1,49.49,-1.6099999999999994,0,0
27634,49.98,47.58,-2.3999999999999986,0,0
27635,49.54,46.78,-2.759999999999998,0,0
27636,56.44,56.43,-0.00999999999999801,0,0
27637,57.11,57.11,0.0,0,0
27638,46.43,0.0,-46.43,0,0
27639,56.5,56.48,-0.020000000000003126,0,0
27646,55.78,55.71,-0.07000000000000028,0,0
27647,54.54,54.28,-0.259999999999998,0,0
27648,52.38,51.43,-0.9500000000000028,0,0
27649,52.63,51.78,-0.8500000000000014,0,0
27650,51.02,49.35,-1.6700000000000017,0,0
27651,46.01,0.0,-46.01,0,0
27652,56.54,56.53,-0.00999999999999801,0,0
27653,56.11,56.07,-0.03999999999999915,0,0
27654,55.52,55.43,-0.09000000000000341,0,0
27655,55.52,55.43,-0.09000000000000341,0,0
27656,55.15,55.0,-0.14999999999999858,0,0
27657,46.43,0.0,-46.43,0,0
27660,47.17,41.83,-5.340000000000003,0,0
27661,49.2,76.81,27.61,1,0
27665,50.55,48.57,-1.9799999999999969,0,0
27672,50.5,48.48,-2.020000000000003,0,0
27673,52.86,52.1,-0.759999999999998,0,0
27766,0.0,0.0,0.0,0,0
27767,0.0,0.0,0.0,0,0
27768,0.0,0.0,0.0,0,0
27769,0.0,0.0,0.0,0,0
27772,0.0,0.0,0.0,0,0
27773,0.0,0.0,0.0,0,0
27774,0.0,0.0,0.0,0,0
27775,0.0,0.0,0.0,0,0
27776,0.0,0.0,0.0,0,0
27777,0.0,0.0,0.0,0,0
27778,0.0,0.0,0.0,0,0
27779,0.0,0.0,0.0,0,0
27780,0.0,0.0,0.0,0,0
27800,52.86,52.1,-0.759999999999998,0,0
27801,49.07,45.89,-3.1799999999999997,0,0
27802,51.23,49.69,-1.5399999999999991,0,0
27803,48.25,44.23,-4.020000000000003,0,0
27804,49.88,47.4,-2.480000000000004,0,0
27805,54.28,53.97,-0.3100000000000023,0,0
27806,53.75,53.3,-0.45000000000000284,0,0
27807,55.15,55.0,-0.14999999999999858,0,0
27808,55.42,55.31,-0.10999999999999943,0,0
27809,51.31,49.81,-1.5,0,0
27811,51.19,49.62,-1.5700000000000003,0,0
27812,55.7,55.62,-0.0800000000000054,0,0
27813,56.53,56.52,-0.00999999999999801,0,0
27814,52.7,82.61,29.909999999999997,1,0
27815,0.0,71.43,71.43,1,1
27816,42.64,0.0,-42.64,0,0
27817,0.0,0.0,0.0,0,0
27818,0.0,0.0,0.0,0,0
27819,56.41,56.4,-0.00999999999999801,0,0
27820,50.52,48.52,-2.0,0,0
27821,48.4,44.54,-3.8599999999999994,0,0
27822,45.24,0.0,-45.24,0,0
27823,49.88,47.4,-2.480000000000004,0,0
27824,50.2,47.97,-2.230000000000004,0,0
27825,48.09,43.89,-4.200000000000003,0,0
27826,0.0,0.0,0.0,0,0
27827,44.91,0.0,-44.91,0,0
27828,0.0,0.0,0.0,0,0
27829,43.0,0.0,-43.0,0,0
27830,40.91,0.0,-40.91,0,0
27831,55.86,55.8,-0.060000000000002274,0,0
27832,48.84,45.43,-3.4100000000000037,0,0
27864,41.58,0.0,-41.58,0,0
27867,50.35,48.24,-2.1099999999999994,0,0
27868,43.62,0.0,-43.62,0,0
27869,48.83,45.42,-3.4099999999999966,0,0
27876,46.94,41.27,-5.669999999999995,0,0
27879,48.88,45.53,-3.3500000000000014,0,0
27880,50.2,47.97,-2.230000000000004,0,0
27881,56.47,56.46,-0.00999999999999801,0,0
27884,48.8,45.37,-3.4299999999999997,0,0
27885,48.99,45.74,-3.25,0,0
27890,56.7,56.69,-0.010000000000005116,0,0
27891,56.7,56.7,0.0,0,0
27892,57.06,57.06,0.0,0,0
27893,56.98,56.98,0.0,0,0
27894,56.98,56.98,0.0,0,0
27895,55.99,55.95,-0.03999999999999915,0,0
27896,46.65,40.56,-6.089999999999996,0,0
27897,56.92,56.92,0.0,0,0
27899,53.84,53.41,-0.4300000000000068,0,0
27952,53.06,52.38,-0.6799999999999997,0,0
27953,0.0,0.0,0.0,0,0
27956,54.08,53.71,-0.36999999999999744,0,0
27957,48.82,45.4,-3.4200000000000017,0,0
27958,50.55,48.57,-1.9799999999999969,0,0
27959,53.84,53.41,-0.4300000000000068,0,0
27960,55.66,55.58,-0.0799999999999983,0,0
27961,56.64,56.64,0.0,0,0
27962,56.54,56.53,-0.00999999999999801,0,0
27963,53.41,52.86,-0.5499999999999972,0,0
27964,42.61,0.0,-42.61,0,0
27965,52.1,51.02,-1.0799999999999983,0,0
27966,0.0,0.0,0.0,0,0
27967,51.78,50.55,-1.230000000000004,0,0
27968,48.12,43.96,-4.159999999999997,0,0
27969,56.61,56.61,0.0,0,0
27970,51.43,50.0,-1.4299999999999997,0,0
27971,48.4,44.54,-3.8599999999999994,0,0
27972,44.72,0.0,-44.72,0,0
27973,53.06,52.38,-0.6799999999999997,0,0
27974,56.04,56.0,-0.03999999999999915,0,0
27975,54.08,53.71,-0.36999999999999744,0,0
27976,51.02,49.35,-1.6700000000000017,0,0
27977,55.36,55.24,-0.11999999999999744,0,0
27978,51.78,50.55,-1.230000000000004,0,0
27979,56.97,56.97,0.0,0,0
27980,51.02,49.35,-1.6700000000000017,0,0
27981,57.0,57.0,0.0,0,0
27982,56.93,56.93,0.0,0,0
27983,48.21,44.15,-4.060000000000002,0,0
27984,56.82,56.81,-0.00999999999999801,0,0
27985,54.08,53.71,-0.36999999999999744,0,0
27986,51.43,50.0,-1.4299999999999997,0,0
27987,55.78,55.71,-0.07000000000000028,0,0
27988,49.56,46.81,-2.75,0,0
27989,43.54,0.0,-43.54,0,0
27990,56.64,56.64,0.0,0,0
27991,43.54,0.0,-43.54,0,0
27992,57.02,57.02,0.0,0,0
27993,43.96,0.0,-43.96,0,0
27994,45.71,0.0,-45.71,0,0
27995,0.0,30.35,30.35,1,1
27996,55.88,55.82,-0.060000000000002274,0,0
27997,0.0,0.0,0.0,0,0
27998,0.0,0.0,0.0,0,0
27999,56.96,56.96,0.0,0,0
28000,54.69,54.46,-0.22999999999999687,0,0
28001,0.0,0.0,0.0,0,0
28002,55.66,55.58,-0.0799999999999983,0,0
28003,55.36,55.24,-0.11999999999999744,0,0
28004,56.61,56.61,0.0,0,0
28005,57.1,57.1,0.0,0,0
28006,54.62,54.38,-0.23999999999999488,0,0
28007,56.91,56.91,0.0,0,0
28010,51.02,49.35,-1.6700000000000017,0,0
28011,49.35,46.43,-2.9200000000000017,0,0
28012,56.31,56.28,-0.030000000000001137,0,0
28013,79.8,75.04,-4.759999999999991,0,0
28014,56.67,56.67,0.0,0,0
28015,55.78,55.71,-0.07000000000000028,0,0
28016,54.76,54.54,-0.21999999999999886,0,0
28017,46.69,40.66,-6.030000000000001,0,0
28018,50.55,48.57,-1.9799999999999969,0,0
28019,56.5,56.48,-0.020000000000003126,0,0
28041,50.97,49.28,-1.6899999999999977,0,0
28042,56.86,56.86,0.0,0,0
28043,0.0,0.0,0.0,0,0
28065,56.91,56.9,-0.00999999999999801,0,0
28066,52.38,51.43,-0.9500000000000028,0,0
28067,54.28,53.97,-0.3100000000000023,0,0
28068,48.74,45.24,-3.5,0,0
28069,51.43,50.0,-1.4299999999999997,0,0
28070,53.06,52.38,-0.6799999999999997,0,0
28087,54.38,54.08,-0.30000000000000426,0,0
28088,42.85,0.0,-42.85,0,0
28089,57.02,57.02,0.0,0,0
28091,41.27,0.0,-41.27,0,0
28092,56.17,56.13,-0.03999999999999915,0,0
28093,56.27,56.24,-0.030000000000001137,0,0
28094,54.38,54.08,-0.30000000000000426,0,0
28095,54.46,54.18,-0.28000000000000114,0,0
28096,56.86,56.86,0.0,0,0
28097,48.3,44.35,-3.9499999999999957,0,0
28098,55.52,55.43,-0.09000000000000341,0,0
28099,53.06,52.38,-0.6799999999999997,0,0
28100,55.52,55.43,-0.09000000000000341,0,0
28101,55.52,55.43,-0.09000000000000341,0,0
28102,54.18,53.84,-0.3399999999999963,0,0
28103,56.99,56.98,-0.010000000000005116,0,0
28104,56.92,56.92,0.0,0,0
28105,56.77,56.77,0.0,0,0
28106,40.33,0.0,-40.33,0,0
28107,53.06,52.38,-0.6799999999999997,0,0
28108,51.43,50.0,-1.4299999999999997,0,0
28109,54.08,53.71,-0.36999999999999744,0,0
28110,51.02,49.35,-1.6700000000000017,0,0
28119,86.53,86.49,-0.04000000000000625,0,0
28120,56.76,56.75,-0.00999999999999801,0,0
28121,52.38,51.43,-0.9500000000000028,0,0
28122,55.1,54.94,-0.1600000000000037,0,0
28123,51.43,50.0,-1.4299999999999997,0,0
28124,56.38,56.36,-0.020000000000003126,0,0
28125,52.1,51.02,-1.0799999999999983,0,0
28126,55.78,55.71,-0.07000000000000028,0,0
28127,49.35,46.43,-2.9200000000000017,0,0
28128,54.82,54.62,-0.20000000000000284,0,0
28129,52.1,51.02,-1.0799999999999983,0,0
28130,56.74,56.73,-0.010000000000005116,0,0
28131,56.58,56.57,-0.00999999999999801,0,0
28132,56.84,56.83,-0.010000000000005116,0,0
28133,42.36,0.0,-42.36,0,0
28134,53.84,53.41,-0.4300000000000068,0,0
28135,56.76,56.75,-0.00999999999999801,0,0
28136,49.06,45.86,-3.200000000000003,0,0
28138,56.97,56.97,0.0,0,0
28139,56.94,56.94,0.0,0,0
28140,56.97,56.97,0.0,0,0
28141,57.05,57.05,0.0,0,0
28142,56.87,56.86,-0.00999999999999801,0,0
28143,0.0,0.0,0.0,0,0
28144,0.0,0.0,0.0,0,0
28145,0.0,0.0,0.0,0,0
28146,0.0,0.0,0.0,0,0
28147,56.16,56.12,-0.03999999999999915,0,0
28148,0.0,0.0,0.0,0,0
28149,56.91,56.91,0.0,0,0
28150,55.05,54.88,-0.1699999999999946,0,0
28151,56.5,56.48,-0.020000000000003126,0,0
28152,55.88,55.82,-0.060000000000002274,0,0
28153,56.64,56.64,0.0,0,0
28158,55.88,55.82,-0.060000000000002274,0,0
28159,55.66,55.58,-0.0799999999999983,0,0
28160,56.61,56.61,0.0,0,0
28161,56.35,56.32,-0.030000000000001137,0,0
28162,56.74,56.73,-0.010000000000005116,0,0
28163,52.38,51.43,-0.9500000000000028,0,0
28164,56.82,56.81,-0.00999999999999801,0,0
28165,56.8,56.8,0.0,0,0
28166,56.58,56.57,-0.00999999999999801,0,0
28167,55.97,55.92,-0.04999999999999716,0,0
28168,46.81,40.97,-5.840000000000003,0,0
28169,51.02,49.35,-1.6700000000000017,0,0
28170,55.88,55.82,-0.060000000000002274,0,0
28195,57.09,57.09,0.0,0,0
28211,51.78,50.55,-1.230000000000004,0,0
28212,53.25,52.63,-0.6199999999999974,0,0
28213,54.28,53.97,-0.3100000000000023,0,0
28214,0.0,0.0,0.0,0,0
28215,0.0,0.0,0.0,0,0
28216,56.38,56.36,-0.020000000000003126,0,0
28217,0.0,0.0,0.0,0,0
28218,57.03,57.03,0.0,0,0
28219,57.05,57.05,0.0,0,0
28220,56.54,56.53,-0.00999999999999801,0,0
28221,56.82,56.81,-0.00999999999999801,0,0
28222,56.77,56.77,0.0,0,0
28223,57.02,57.02,0.0,0,0
28224,56.58,56.57,-0.00999999999999801,0,0
28225,56.44,56.43,-0.00999999999999801,0,0
28241,56.99,56.98,-0.010000000000005116,0,0
28242,56.17,56.13,-0.03999999999999915,0,0
28243,57.05,57.05,0.0,0,0
28247,56.87,56.86,-0.00999999999999801,0,0
28248,55.15,55.0,-0.14999999999999858,0,0
28249,53.25,52.63,-0.6199999999999974,0,0
28250,54.88,54.69,-0.19000000000000483,0,0
28251,50.55,48.57,-1.9799999999999969,0,0
28252,54.62,54.38,-0.23999999999999488,0,0
28269,55.78,55.71,-0.07000000000000028,0,0
28270,56.27,56.24,-0.030000000000001137,0,0
28271,56.97,56.97,0.0,0,0
28282,57.05,57.05,0.0,0,0
28283,57.09,57.09,0.0,0,0
28284,57.12,57.12,0.0,0,0
28285,56.76,56.75,-0.00999999999999801,0,0
28286,55.78,55.71,-0.07000000000000028,0,0
28287,56.72,56.71,-0.00999999999999801,0,0
28308,51.02,49.35,-1.6700000000000017,0,0
28309,47.29,42.1,-5.189999999999998,0,0
28310,56.22,56.19,-0.030000000000001137,0,0
28311,55.97,55.92,-0.04999999999999716,0,0
28312,56.54,56.53,-0.00999999999999801,0,0
28313,56.38,56.36,-0.020000000000003126,0,0
28314,51.02,49.35,-1.6700000000000017,0,0
28315,42.85,0.0,-42.85,0,0
28316,50.55,48.57,-1.9799999999999969,0,0
28317,55.0,54.82,-0.17999999999999972,0,0
28318,55.78,85.84,30.060000000000002,1,0
28319,86.44,86.37,-0.06999999999999318,0,0
28320,52.63,51.78,-0.8500000000000014,0,0
28321,54.94,54.76,-0.17999999999999972,0,0
28322,56.22,56.19,-0.030000000000001137,0,0
28323,0.0,0.0,0.0,0,0
28324,56.88,56.87,-0.010000000000005116,0,0
28325,57.08,57.08,0.0,0,0
28326,0.0,0.0,0.0,0,0
28327,56.38,56.36,-0.020000000000003126,0,0
28328,0.0,0.0,0.0,0,0
28329,57.1,57.1,0.0,0,0
28330,57.11,57.11,0.0,0,0
28331,56.99,56.98,-0.010000000000005116,0,0
28332,56.95,56.95,0.0,0,0
28333,56.74,56.73,-0.010000000000005116,0,0
28334,56.61,56.61,0.0,0,0
28335,56.76,56.75,-0.00999999999999801,0,0
28336,56.97,56.97,0.0,0,0
28337,56.96,56.96,0.0,0,0
28338,57.01,57.01,0.0,0,0
28339,56.54,56.53,-0.00999999999999801,0,0
28340,56.04,56.0,-0.03999999999999915,0,0
28341,54.54,54.28,-0.259999999999998,0,0
28342,54.46,54.18,-0.28000000000000114,0,0
28343,56.7,56.69,-0.010000000000005116,0,0
28344,56.79,56.78,-0.00999999999999801,0,0
28345,56.44,56.43,-0.00999999999999801,0,0
28346,56.99,56.98,-0.010000000000005116,0,0
28347,56.84,56.83,-0.010000000000005116,0,0
28348,56.77,56.77,0.0,0,0
28349,56.22,56.19,-0.030000000000001137,0,0
28350,56.85,56.85,0.0,0,0
28351,55.88,55.82,-0.060000000000002274,0,0
28373,55.1,54.94,-0.1600000000000037,0,0
28374,55.0,54.82,-0.17999999999999972,0,0
28375,55.52,55.43,-0.09000000000000341,0,0
28376,56.64,56.64,0.0,0,0
28377,56.67,56.67,0.0,0,0
28379,86.47,86.23,-0.23999999999999488,0,0
28380,56.7,56.69,-0.010000000000005116,0,0
28381,72.78,72.78,0.0,0,0
28382,51.43,50.0,-1.4299999999999997,0,0
28383,56.91,56.91,0.0,0,0
28384,50.55,48.57,-1.9799999999999969,0,0
28385,55.36,55.24,-0.11999999999999744,0,0
28386,57.0,57.0,0.0,0,0
28387,56.38,56.36,-0.020000000000003126,0,0
28388,54.38,54.08,-0.30000000000000426,0,0
28389,55.36,55.24,-0.11999999999999744,0,0
28390,52.63,51.78,-0.8500000000000014,0,0
28391,56.95,56.95,0.0,0,0
28392,57.02,57.02,0.0,0,0
28393,55.78,55.71,-0.07000000000000028,0,0
28394,55.88,55.82,-0.060000000000002274,0,0
28395,51.78,50.55,-1.230000000000004,0,0
28396,54.54,54.28,-0.259999999999998,0,0
28397,56.88,56.87,-0.010000000000005116,0,0
28398,54.08,53.71,-0.36999999999999744,0,0
28399,52.63,51.78,-0.8500000000000014,0,0
28410,56.5,56.48,-0.020000000000003126,0,0
28411,57.04,57.04,0.0,0,0
28412,56.99,56.98,-0.010000000000005116,0,0
28413,57.04,57.04,0.0,0,0
28414,56.76,56.75,-0.00999999999999801,0,0
28415,56.7,56.69,-0.010000000000005116,0,0
28416,56.47,56.46,-0.00999999999999801,0,0
28417,56.87,56.86,-0.00999999999999801,0,0
28418,56.9,56.9,0.0,0,0
28419,56.93,56.93,0.0,0,0
28420,56.92,56.92,0.0,0,0
28421,0.0,0.0,0.0,0,0
28422,41.83,0.0,-41.83,0,0
28423,54.08,53.71,-0.36999999999999744,0,0
28424,56.64,56.64,0.0,0,0
28425,87.33,87.32,-0.010000000000005116,0,0
28426,56.92,56.91,-0.010000000000005116,0,0
28427,54.69,54.46,-0.22999999999999687,0,0
28428,56.7,56.69,-0.010000000000005116,0,0
28429,56.67,56.67,0.0,0,0
28430,55.52,55.43,-0.09000000000000341,0,0
28431,56.85,56.85,0.0,0,0
28432,56.74,56.73,-0.010000000000005116,0,0
28433,81.16,79.03,-2.1299999999999955,0,0
28434,55.88,55.82,-0.060000000000002274,0,0
28435,56.86,56.86,0.0,0,0
28436,56.44,86.92,30.480000000000004,1,0
28437,87.08,88.22,1.1400000000000006,1,0
28438,56.44,56.43,-0.00999999999999801,0,0
28439,88.22,89.2,0.980000000000004,1,0
28440,33.74,33.74,0.0,0,0
28441,85.6,86.15,0.5500000000000114,1,0
28442,86.77,87.73,0.960000000000008,1,0
28443,72.26,32.51,-39.75000000000001,0,0
28444,84.56,84.0,-0.5600000000000023,0,0
28445,81.97,78.92,-3.049999999999997,0,0
28446,78.66,33.42,-45.239999999999995,0,0
28447,57.08,57.08,0.0,0,0
28448,86.11,87.22,1.1099999999999994,1,0
28454,55.88,55.82,-0.060000000000002274,0,0
28455,54.46,54.18,-0.28000000000000114,0,0
28456,87.42,86.95,-0.46999999999999886,0,0
28457,55.88,55.82,-0.060000000000002274,0,0
28458,56.31,56.28,-0.030000000000001137,0,0
28459,55.88,55.82,-0.060000000000002274,0,0
28460,56.61,56.61,0.0,0,0
28461,86.72,86.72,0.0,0,0
28462,86.01,85.94,-0.07000000000000739,0,0
28463,56.99,56.98,-0.010000000000005116,0,0
28464,57.0,57.0,0.0,0,0
28465,43.75,0.0,-43.75,0,0
28471,56.85,56.85,0.0,0,0
28472,56.77,56.77,0.0,0,0
28473,56.72,56.71,-0.00999999999999801,0,0
28474,49.56,46.81,-2.75,0,0
28475,56.64,56.64,0.0,0,0
28476,56.58,56.57,-0.00999999999999801,0,0
28477,56.72,56.71,-0.00999999999999801,0,0
28478,56.61,56.61,0.0,0,0
28479,56.54,56.53,-0.00999999999999801,0,0
28480,56.5,56.48,-0.020000000000003126,0,0
28483,56.54,56.53,-0.00999999999999801,0,0
28486,53.06,52.38,-0.6799999999999997,0,0
28487,56.5,56.48,-0.020000000000003126,0,0
28488,43.32,0.0,-43.32,0,0
28489,53.25,52.63,-0.6199999999999974,0,0
28490,54.46,54.18,-0.28000000000000114,0,0
28491,53.41,52.86,-0.5499999999999972,0,0
28492,55.97,55.92,-0.04999999999999716,0,0
28493,56.63,56.62,-0.010000000000005116,0,0
28494,56.99,56.99,0.0,0,0
28495,55.97,55.92,-0.04999999999999716,0,0
28496,55.97,55.92,-0.04999999999999716,0,0
28497,56.58,56.57,-0.00999999999999801,0,0
28498,56.79,56.78,-0.00999999999999801,0,0
28499,56.38,56.36,-0.020000000000003126,0,0
28500,56.54,56.53,-0.00999999999999801,0,0
28501,56.88,56.88,0.0,0,0
28502,56.44,56.43,-0.00999999999999801,0,0
28503,56.64,56.64,0.0,0,0
28504,51.02,49.35,-1.6700000000000017,0,0
28506,54.38,54.08,-0.30000000000000426,0,0
28507,57.06,57.06,0.0,0,0
28508,55.15,55.0,-0.14999999999999858,0,0
28509,55.66,55.58,-0.0799999999999983,0,0
28510,55.66,55.58,-0.0799999999999983,0,0
28511,55.52,55.43,-0.09000000000000341,0,0
28512,56.54,56.53,-0.00999999999999801,0,0
28513,56.79,56.78,-0.00999999999999801,0,0
28515,56.38,56.36,-0.020000000000003126,0,0
28516,57.07,57.07,0.0,0,0
28517,56.92,56.91,-0.010000000000005116,0,0
28518,56.93,56.93,0.0,0,0
28519,56.38,56.36,-0.020000000000003126,0,0
28520,54.08,53.71,-0.36999999999999744,0,0
28521,56.77,56.77,0.0,0,0
28522,56.95,56.95,0.0,0,0
28523,52.86,52.1,-0.759999999999998,0,0
28524,48.21,44.15,-4.060000000000002,0,0
28525,54.38,54.08,-0.30000000000000426,0,0
28526,47.4,42.36,-5.039999999999999,0,0
28527,84.66,84.36,-0.29999999999999716,0,0
28528,56.7,56.69,-0.010000000000005116,0,0
28529,56.99,56.98,-0.010000000000005116,0,0
28530,74.92,31.17,-43.75,0,0
28531,46.81,40.97,-5.840000000000003,0,0
28532,57.03,57.03,0.0,0,0
28533,57.09,57.09,0.0,0,0
28534,56.44,56.43,-0.00999999999999801,0,0
28535,0.0,0.0,0.0,0,0
28536,0.0,0.0,0.0,0,0
28537,56.31,56.28,-0.030000000000001137,0,0
28538,0.0,0.0,0.0,0,0
28539,52.86,52.1,-0.759999999999998,0,0
28540,56.38,56.36,-0.020000000000003126,0,0
28541,53.06,52.38,-0.6799999999999997,0,0
28542,54.62,54.38,-0.23999999999999488,0,0
28543,55.97,55.92,-0.04999999999999716,0,0
28544,56.61,56.61,0.0,0,0
28545,57.03,57.03,0.0,0,0
28546,45.4,0.0,-45.4,0,0
28547,56.87,56.86,-0.00999999999999801,0,0
28548,54.28,53.97,-0.3100000000000023,0,0
28549,52.1,51.02,-1.0799999999999983,0,0
28556,52.1,51.02,-1.0799999999999983,0,0
28558,56.99,56.98,-0.010000000000005116,0,0
28559,56.82,56.81,-0.00999999999999801,0,0
28560,56.82,56.81,-0.00999999999999801,0,0
28561,56.5,56.48,-0.020000000000003126,0,0
28562,56.04,56.0,-0.03999999999999915,0,0
28563,57.0,57.0,0.0,0,0
28564,57.09,57.09,0.0,0,0
28565,56.64,56.64,0.0,0,0
28566,56.97,56.97,0.0,0,0
28570,57.12,57.12,0.0,0,0
28571,56.44,56.43,-0.00999999999999801,0,0
28572,56.38,56.36,-0.020000000000003126,0,0
28573,85.8,85.7,-0.09999999999999432,0,0
28574,56.04,56.0,-0.03999999999999915,0,0
28575,56.22,56.19,-0.030000000000001137,0,0
28576,57.0,57.0,0.0,0,0
28583,56.5,56.48,-0.020000000000003126,0,0
28584,56.22,56.19,-0.030000000000001137,0,0
28585,56.92,56.91,-0.010000000000005116,0,0
28586,57.03,57.03,0.0,0,0
28587,55.15,55.0,-0.14999999999999858,0,0
28592,56.99,56.98,-0.010000000000005116,0,0
28593,86.75,86.74,-0.010000000000005116,0,0
28594,56.95,56.95,0.0,0,0
28595,56.87,56.86,-0.00999999999999801,0,0
28596,55.97,55.92,-0.04999999999999716,0,0
28599,55.97,55.92,-0.04999999999999716,0,0
28600,56.82,56.81,-0.00999999999999801,0,0
28601,87.08,87.08,0.0,0,0
28602,56.99,56.98,-0.010000000000005116,0,0
28603,56.88,56.88,0.0,0,0
28604,57.06,57.06,0.0,0,0
28605,56.17,56.13,-0.03999999999999915,0,0
28606,57.01,57.01,0.0,0,0
28607,57.06,57.06,0.0,0,0
28609,0.0,0.0,0.0,0,0
28610,0.0,0.0,0.0,0,0
28611,55.15,55.0,-0.14999999999999858,0,0
28612,0.0,0.0,0.0,0,0
28640,56.9,56.9,0.0,0,0
28641,87.17,86.9,-0.269999999999996,0,0
28642,87.65,87.65,0.0,0,0
28663,56.8,56.8,0.0,0,0
28707,0.0,0.0,0.0,0,0
28708,0.0,0.0,0.0,0,0
28709,54.69,54.46,-0.22999999999999687,0,0
28710,0.0,0.0,0.0,0,0
28715,55.83,55.77,-0.05999999999999517,0,0
28716,57.09,57.09,0.0,0,0
28717,57.12,57.12,0.0,0,0
28718,56.79,56.78,-0.00999999999999801,0,0
28719,57.11,57.11,0.0,0,0
28720,56.85,56.85,0.0,0,0
28721,57.1,57.1,0.0,0,0
28729,56.93,56.93,0.0,0,0
28730,57.07,57.07,0.0,0,0
28731,55.78,55.71,-0.07000000000000028,0,0
28732,56.92,56.91,-0.010000000000005116,0,0
28733,55.15,55.0,-0.14999999999999858,0,0
28734,56.7,56.69,-0.010000000000005116,0,0
28735,56.95,56.95,0.0,0,0
28736,56.64,56.64,0.0,0,0
28737,52.1,51.02,-1.0799999999999983,0,0
28738,56.74,56.73,-0.010000000000005116,0,0
28739,55.97,55.92,-0.04999999999999716,0,0
28740,56.38,56.36,-0.020000000000003126,0,0
28741,56.98,56.97,-0.00999999999999801,0,0
28742,55.52,55.43,-0.09000000000000341,0,0
28743,56.31,56.28,-0.030000000000001137,0,0
28765,56.72,56.71,-0.00999999999999801,0,0
28781,56.79,56.78,-0.00999999999999801,0,0
28782,54.62,54.38,-0.23999999999999488,0,0
28784,56.44,56.43,-0.00999999999999801,0,0
28785,56.8,56.8,0.0,0,0
28786,56.38,56.36,-0.020000000000003126,0,0
28787,56.97,56.97,0.0,0,0
28788,55.66,55.58,-0.0799999999999983,0,0
28789,56.44,56.43,-0.00999999999999801,0,0
28790,56.74,56.73,-0.010000000000005116,0,0
28791,56.22,56.19,-0.030000000000001137,0,0
28792,87.48,87.14,-0.3400000000000034,0,0
28793,56.5,56.48,-0.020000000000003126,0,0
28794,57.04,57.04,0.0,0,0
28795,56.72,56.71,-0.00999999999999801,0,0
28796,56.77,56.77,0.0,0,0
28797,57.1,57.1,0.0,0,0
28798,57.03,57.03,0.0,0,0
28799,57.07,57.07,0.0,0,0
28800,88.53,88.53,0.0,0,0
28801,56.22,56.19,-0.030000000000001137,0,0
28802,86.57,86.53,-0.03999999999999204,0,0
28803,54.28,53.97,-0.3100000000000023,0,0
28804,86.34,86.08,-0.2600000000000051,0,0
28805,54.62,54.38,-0.23999999999999488,0,0
28806,54.82,54.62,-0.20000000000000284,0,0
28807,57.09,57.09,0.0,0,0
28808,56.77,56.77,0.0,0,0
28809,56.96,56.95,-0.00999999999999801,0,0
28810,57.06,57.06,0.0,0,0
28811,48.98,45.71,-3.269999999999996,0,0
28812,56.19,56.16,-0.030000000000001137,0,0
28813,57.04,57.04,0.0,0,0
28814,56.67,56.67,0.0,0,0
28815,56.3,56.28,-0.01999999999999602,0,0
28816,53.06,52.38,-0.6799999999999997,0,0
28817,56.91,56.91,0.0,0,0
28818,57.05,57.05,0.0,0,0
28819,56.92,56.92,0.0,0,0
28820,56.72,56.71,-0.00999999999999801,0,0
28821,57.12,57.12,0.0,0,0
28828,56.8,56.8,0.0,0,0
28833,87.13,87.12,-0.009999999999990905,0,0
28834,55.84,55.78,-0.060000000000002274,0,0
28835,57.0,57.0,0.0,0,0
28836,53.41,52.86,-0.5499999999999972,0,0
28837,55.64,55.55,-0.09000000000000341,0,0
28838,55.52,55.43,-0.09000000000000341,0,0
28839,55.66,55.58,-0.0799999999999983,0,0
28840,55.05,54.88,-0.1699999999999946,0,0
28841,56.67,56.67,0.0,0,0
28842,40.97,0.0,-40.97,0,0
28843,55.15,55.0,-0.14999999999999858,0,0
28844,41.27,0.0,-41.27,0,0
28845,54.18,53.84,-0.3399999999999963,0,0
28846,56.79,56.78,-0.00999999999999801,0,0
28847,53.97,53.57,-0.3999999999999986,0,0
28848,48.02,43.75,-4.270000000000003,0,0
28849,56.5,56.48,-0.020000000000003126,0,0
28850,56.5,56.48,-0.020000000000003126,0,0
28851,56.38,56.36,-0.020000000000003126,0,0
28852,50.23,48.02,-2.2099999999999937,0,0
28859,54.76,54.54,-0.21999999999999886,0,0
28868,55.97,55.92,-0.04999999999999716,0,0
28874,57.0,57.0,0.0,0,0
28875,55.52,55.43,-0.09000000000000341,0,0
28876,56.26,56.23,-0.030000000000001137,0,0
28877,42.36,0.0,-42.36,0,0
28878,54.94,54.76,-0.17999999999999972,0,0
28879,55.78,55.71,-0.07000000000000028,0,0
28880,56.31,56.28,-0.030000000000001137,0,0
28881,56.5,56.48,-0.020000000000003126,0,0
28882,55.64,55.55,-0.09000000000000341,0,0
28883,57.05,57.05,0.0,0,0
28892,56.67,56.67,0.0,0,0
28893,56.61,56.61,0.0,0,0
28894,46.56,40.33,-6.230000000000004,0,0
28895,56.67,56.67,0.0,0,0
28896,56.99,56.98,-0.010000000000005116,0,0
28897,56.7,56.69,-0.010000000000005116,0,0
28898,56.58,56.57,-0.00999999999999801,0,0
28899,56.83,56.82,-0.00999999999999801,0,0
28900,56.77,56.77,0.0,0,0
28901,56.91,56.91,0.0,0,0
28902,55.88,55.82,-0.060000000000002274,0,0
28903,56.91,56.9,-0.00999999999999801,0,0
28904,57.06,57.06,0.0,0,0
28905,56.44,56.43,-0.00999999999999801,0,0
28906,57.0,57.0,0.0,0,0
28907,56.31,56.28,-0.030000000000001137,0,0
28908,56.31,56.28,-0.030000000000001137,0,0
28909,86.91,86.86,-0.04999999999999716,0,0
28910,57.09,57.09,0.0,0,0
28911,57.02,57.02,0.0,0,0
28912,56.58,56.57,-0.00999999999999801,0,0
28913,55.69,55.61,-0.0799999999999983,0,0
28914,56.89,56.89,0.0,0,0
28919,56.83,56.82,-0.00999999999999801,0,0
28920,56.99,56.98,-0.010000000000005116,0,0
28922,56.83,56.82,-0.00999999999999801,0,0
28923,56.77,56.77,0.0,0,0
28924,57.04,57.04,0.0,0,0
28925,81.59,78.01,-3.5799999999999983,0,0
28926,40.66,30.95,-9.709999999999997,0,0
28927,0.0,0.0,0.0,0,0
28928,0.0,0.0,0.0,0,0
28929,0.0,0.0,0.0,0,0
28930,56.38,56.36,-0.020000000000003126,0,0
28937,55.78,55.71,-0.07000000000000028,0,0
28938,56.89,56.89,0.0,0,0
28939,56.93,56.93,0.0,0,0
28940,56.95,56.95,0.0,0,0
28942,57.09,57.09,0.0,0,0
28943,57.01,57.01,0.0,0,0
28944,55.97,55.92,-0.04999999999999716,0,0
28945,51.78,50.55,-1.230000000000004,0,0
28946,33.73,33.73,0.0,0,0
28947,56.22,56.19,-0.030000000000001137,0,0
28948,84.25,83.57,-0.6800000000000068,0,0
28949,0.0,0.0,0.0,0,0
28952,57.0,57.0,0.0,0,0
28953,56.99,56.98,-0.010000000000005116,0,0
28954,55.66,55.58,-0.0799999999999983,0,0
28955,54.08,53.71,-0.36999999999999744,0,0
28964,48.02,43.75,-4.270000000000003,0,0
28965,87.43,87.38,-0.05000000000001137,0,0
28966,87.36,87.29,-0.06999999999999318,0,0
28967,88.22,88.21,-0.010000000000005116,0,0
28968,88.17,88.16,-0.010000000000005116,0,0
28969,56.99,56.98,-0.010000000000005116,0,0
28972,57.06,57.06,0.0,0,0
28973,87.74,87.73,-0.009999999999990905,0,0
28974,55.36,55.24,-0.11999999999999744,0,0
28975,87.92,87.9,-0.01999999999999602,0,0
28976,90.07,90.07,0.0,0,0
28977,56.44,56.43,-0.00999999999999801,0,0
28984,45.24,0.0,-45.24,0,0
28991,54.69,54.46,-0.22999999999999687,0,0
28992,56.7,56.69,-0.010000000000005116,0,0
28993,56.38,56.35,-0.030000000000001137,0,0
28994,54.62,54.38,-0.23999999999999488,0,0
28998,57.09,57.09,0.0,0,0
28999,49.56,46.81,-2.75,0,0
29002,56.93,87.16,30.229999999999997,1,0
29003,55.1,54.94,-0.1600000000000037,0,0
29004,40.97,0.0,-40.97,0,0
29005,53.25,52.63,-0.6199999999999974,0,0
29006,53.41,52.86,-0.5499999999999972,0,0
29007,55.36,55.24,-0.11999999999999744,0,0
29008,55.52,55.43,-0.09000000000000341,0,0
29009,51.43,50.0,-1.4299999999999997,0,0
29010,56.17,56.13,-0.03999999999999915,0,0
29011,56.8,56.8,0.0,0,0
29012,56.8,56.8,0.0,0,0
29013,56.72,56.71,-0.00999999999999801,0,0
29014,56.54,56.53,-0.00999999999999801,0,0
29015,87.03,88.18,1.1500000000000057,1,0
29016,56.5,56.48,-0.020000000000003126,0,0
29017,57.1,57.1,0.0,0,0
29018,57.07,57.07,0.0,0,0
29019,56.31,56.28,-0.030000000000001137,0,0
29020,57.03,57.03,0.0,0,0
29021,55.97,86.85,30.879999999999995,1,0
29022,54.94,54.76,-0.17999999999999972,0,0
29023,57.01,57.01,0.0,0,0
29027,85.78,85.68,-0.09999999999999432,0,0
29028,84.17,83.42,-0.75,0,0
29029,56.95,56.95,0.0,0,0
29030,56.86,56.86,0.0,0,0
29031,56.58,56.57,-0.00999999999999801,0,0
29032,56.72,56.71,-0.00999999999999801,0,0
29033,56.95,56.95,0.0,0,0
29034,55.78,55.71,-0.07000000000000028,0,0
29035,55.66,55.58,-0.0799999999999983,0,0
29036,55.78,55.71,-0.07000000000000028,0,0
29037,53.84,53.41,-0.4300000000000068,0,0
29038,56.27,56.24,-0.030000000000001137,0,0
29039,55.15,55.0,-0.14999999999999858,0,0
29040,54.94,54.76,-0.17999999999999972,0,0
29041,55.97,55.92,-0.04999999999999716,0,0
29042,55.52,55.43,-0.09000000000000341,0,0
29043,43.09,0.0,-43.09,0,0
29044,56.91,56.9,-0.00999999999999801,0,0
29045,56.95,56.95,0.0,0,0
29046,56.95,56.95,0.0,0,0
29047,56.95,56.95,0.0,0,0
29048,56.92,56.92,0.0,0,0
29049,56.38,56.36,-0.020000000000003126,0,0
29050,49.28,46.29,-2.990000000000002,0,0
29051,32.94,32.94,0.0,0,0
29052,0.0,0.0,0.0,0,0
29053,0.0,0.0,0.0,0,0
29054,0.0,0.0,0.0,0,0
29055,56.99,56.98,-0.010000000000005116,0,0
29056,86.46,86.36,-0.09999999999999432,0,0
29057,55.1,54.94,-0.1600000000000037,0,0
29058,55.66,55.58,-0.0799999999999983,0,0
29059,56.11,56.07,-0.03999999999999915,0,0
29060,57.05,57.05,0.0,0,0
29061,53.57,53.06,-0.509999999999998,0,0
29062,0.0,0.0,0.0,0,0
29066,56.86,56.86,0.0,0,0
29067,56.97,56.97,0.0,0,0
29068,55.66,55.58,-0.0799999999999983,0,0
29069,56.61,56.61,0.0,0,0
29075,0.0,0.0,0.0,0,0
29076,42.36,0.0,-42.36,0,0
29077,56.76,56.75,-0.00999999999999801,0,0
29078,54.46,54.18,-0.28000000000000114,0,0
29079,48.21,44.15,-4.060000000000002,0,0
29080,45.56,0.0,-45.56,0,0
29081,55.52,55.43,-0.09000000000000341,0,0
29082,56.79,56.78,-0.00999999999999801,0,0
29083,49.28,46.29,-2.990000000000002,0,0
29084,40.33,0.0,-40.33,0,0
29085,56.22,56.19,-0.030000000000001137,0,0
29086,53.25,52.63,-0.6199999999999974,0,0
29087,50.34,48.21,-2.1300000000000026,0,0
29088,0.0,0.0,0.0,0,0
29089,48.74,45.24,-3.5,0,0
29090,46.69,40.66,-6.030000000000001,0,0
29091,56.61,56.61,0.0,0,0
29092,53.41,52.86,-0.5499999999999972,0,0
29093,52.38,51.43,-0.9500000000000028,0,0
29094,43.09,0.0,-43.09,0,0
29095,42.85,0.0,-42.85,0,0
29096,56.9,56.9,0.0,0,0
29097,56.88,56.88,0.0,0,0
29098,53.41,52.86,-0.5499999999999972,0,0
29101,44.15,0.0,-44.15,0,0
29102,50.5,48.48,-2.020000000000003,0,0
29103,54.88,54.69,-0.19000000000000483,0,0
29104,56.93,56.93,0.0,0,0
29105,57.09,57.09,0.0,0,0
29106,56.96,56.95,-0.00999999999999801,0,0
29107,56.31,56.28,-0.030000000000001137,0,0
29108,56.64,56.64,0.0,0,0
29109,54.08,53.71,-0.36999999999999744,0,0
29110,56.58,56.57,-0.00999999999999801,0,0
29111,55.1,54.94,-0.1600000000000037,0,0
29112,56.04,56.0,-0.03999999999999915,0,0
29113,0.0,0.0,0.0,0,0
29114,55.05,54.88,-0.1699999999999946,0,0
29115,49.69,47.06,-2.6299999999999955,0,0
29116,54.76,54.54,-0.21999999999999886,0,0
29117,54.46,54.18,-0.28000000000000114,0,0
29118,56.83,56.82,-0.00999999999999801,0,0
29127,74.43,32.91,-41.52000000000001,0,0
29128,86.76,87.7,0.9399999999999977,1,0
29129,56.77,56.77,0.0,0,0
29130,52.38,51.43,-0.9500000000000028,0,0
29131,56.5,56.48,-0.020000000000003126,0,0
29133,56.44,56.43,-0.00999999999999801,0,0
29147,54.54,54.28,-0.259999999999998,0,0
29148,57.02,57.02,0.0,0,0
29149,56.79,56.78,-0.00999999999999801,0,0
29150,55.52,55.43,-0.09000000000000341,0,0
29151,49.49,46.69,-2.8000000000000043,0,0
29152,55.97,55.92,-0.04999999999999716,0,0
29153,57.11,57.11,0.0,0,0
29154,56.74,56.73,-0.010000000000005116,0,0
29155,56.58,56.57,-0.00999999999999801,0,0
29156,51.02,49.35,-1.6700000000000017,0,0
29158,56.99,56.98,-0.010000000000005116,0,0
29159,53.71,53.25,-0.46000000000000085,0,0
29160,56.87,56.86,-0.00999999999999801,0,0
29161,56.88,56.88,0.0,0,0
29162,57.03,57.03,0.0,0,0
29163,57.04,57.04,0.0,0,0
29164,53.41,52.86,-0.5499999999999972,0,0
29165,56.94,56.94,0.0,0,0
29166,56.82,56.81,-0.00999999999999801,0,0
29167,56.92,56.91,-0.010000000000005116,0,0
29168,56.31,56.28,-0.030000000000001137,0,0
29169,56.44,56.43,-0.00999999999999801,0,0
29170,52.38,51.43,-0.9500000000000028,0,0
29171,51.02,49.35,-1.6700000000000017,0,0
29172,48.4,44.54,-3.8599999999999994,0,0
29173,52.63,51.78,-0.8500000000000014,0,0
29174,56.7,56.69,-0.010000000000005116,0,0
29175,56.5,56.48,-0.020000000000003126,0,0
29176,56.44,56.43,-0.00999999999999801,0,0
29177,56.44,56.43,-0.00999999999999801,0,0
29178,51.02,49.35,-1.6700000000000017,0,0
29179,56.44,56.43,-0.00999999999999801,0,0
29180,50.44,48.4,-2.039999999999999,0,0
29181,55.78,55.71,-0.07000000000000028,0,0
29182,56.79,56.78,-0.00999999999999801,0,0
29183,56.38,56.36,-0.020000000000003126,0,0
29184,56.67,56.67,0.0,0,0
29185,56.99,56.98,-0.010000000000005116,0,0
29186,57.05,57.05,0.0,0,0
29187,56.97,56.97,0.0,0,0
29188,56.99,56.98,-0.010000000000005116,0,0
29189,57.06,57.06,0.0,0,0
29190,57.11,57.11,0.0,0,0
29191,84.72,84.49,-0.23000000000000398,0,0
29192,57.05,57.05,0.0,0,0
29193,57.06,57.06,0.0,0,0
29194,56.61,56.61,0.0,0,0
29195,56.5,56.48,-0.020000000000003126,0,0
29196,56.64,56.64,0.0,0,0
29197,56.76,56.75,-0.00999999999999801,0,0
29201,55.15,55.0,-0.14999999999999858,0,0
29202,53.97,53.57,-0.3999999999999986,0,0
29203,50.55,48.57,-1.9799999999999969,0,0
29204,56.97,56.97,0.0,0,0
29205,56.17,56.13,-0.03999999999999915,0,0
29206,56.84,56.83,-0.010000000000005116,0,0
29207,57.08,57.08,0.0,0,0
29208,56.85,56.85,0.0,0,0
29209,56.38,56.36,-0.020000000000003126,0,0
29210,56.31,56.28,-0.030000000000001137,0,0
29211,56.54,56.53,-0.00999999999999801,0,0
29212,0.0,0.0,0.0,0,0
29213,0.0,0.0,0.0,0,0
29214,0.0,0.0,0.0,0,0
29215,0.0,0.0,0.0,0,0
29216,0.0,0.0,0.0,0,0
29217,0.0,0.0,0.0,0,0
29218,0.0,0.0,0.0,0,0
29219,0.0,0.0,0.0,0,0
29227,0.0,0.0,0.0,0,0
29228,0.0,0.0,0.0,0,0
29229,0.0,0.0,0.0,0,0
29230,0.0,0.0,0.0,0,0
29231,0.0,0.0,0.0,0,0
29232,0.0,0.0,0.0,0,0
29233,0.0,0.0,0.0,0,0
29234,0.0,0.0,0.0,0,0
29355,48.23,44.19,-4.039999999999999,0,0
29359,53.64,53.15,-0.490000000000002,0,0
29365,56.95,56.95,0.0,0,0
29366,57.05,57.05,0.0,0,0
29367,57.04,57.04,0.0,0,0
29368,53.41,52.86,-0.5499999999999972,0,0
29369,42.61,0.0,-42.61,0,0
29370,43.09,0.0,-43.09,0,0
29371,55.66,55.58,-0.0799999999999983,0,0
29372,56.95,56.95,0.0,0,0
29373,57.0,57.0,0.0,0,0
29374,56.38,56.36,-0.020000000000003126,0,0
29385,55.36,55.24,-0.11999999999999744,0,0
29388,56.38,56.36,-0.020000000000003126,0,0
29389,55.88,55.82,-0.060000000000002274,0,0
29390,56.22,56.19,-0.030000000000001137,0,0
29393,86.69,86.66,-0.030000000000001137,0,0
29394,56.31,56.28,-0.030000000000001137,0,0
29395,56.7,56.69,-0.010000000000005116,0,0
29396,56.58,56.57,-0.00999999999999801,0,0
29397,48.98,45.71,-3.269999999999996,0,0
29400,55.88,55.82,-0.060000000000002274,0,0
29401,51.02,49.35,-1.6700000000000017,0,0
29402,54.82,54.62,-0.20000000000000284,0,0
29403,55.05,54.88,-0.1699999999999946,0,0
29404,56.54,56.53,-0.00999999999999801,0,0
29405,54.88,54.69,-0.19000000000000483,0,0
29406,54.46,54.18,-0.28000000000000114,0,0
29407,54.28,53.97,-0.3100000000000023,0,0
29408,57.0,57.0,0.0,0,0
29409,56.61,56.61,0.0,0,0
29410,56.7,56.69,-0.010000000000005116,0,0
29411,56.77,56.77,0.0,0,0
29412,56.58,56.57,-0.00999999999999801,0,0
29413,56.95,56.95,0.0,0,0
29414,56.5,56.48,-0.020000000000003126,0,0
29415,55.52,55.43,-0.09000000000000341,0,0
29416,51.43,50.0,-1.4299999999999997,0,0
29417,56.44,56.43,-0.00999999999999801,0,0
29418,55.0,54.82,-0.17999999999999972,0,0
29419,54.69,54.46,-0.22999999999999687,0,0
29420,56.89,56.89,0.0,0,0
29421,56.61,56.61,0.0,0,0
29422,56.85,56.85,0.0,0,0
29423,56.86,56.86,0.0,0,0
29424,56.67,56.67,0.0,0,0
29425,54.18,53.84,-0.3399999999999963,0,0
29426,54.76,54.54,-0.21999999999999886,0,0
29427,53.41,52.86,-0.5499999999999972,0,0
29428,56.54,56.53,-0.00999999999999801,0,0
29429,56.8,56.8,0.0,0,0
29430,56.04,56.0,-0.03999999999999915,0,0
29431,51.43,50.0,-1.4299999999999997,0,0
29432,54.38,84.33,29.949999999999996,1,0
29433,56.31,56.28,-0.030000000000001137,0,0
29434,56.67,56.67,0.0,0,0
29435,52.1,51.02,-1.0799999999999983,0,0
29436,56.85,56.85,0.0,0,0
29437,56.04,56.0,-0.03999999999999915,0,0
29440,55.66,55.58,-0.0799999999999983,0,0
29441,53.97,53.57,-0.3999999999999986,0,0
29442,49.94,47.51,-2.4299999999999997,0,0
29443,52.1,51.02,-1.0799999999999983,0,0
29444,54.08,53.71,-0.36999999999999744,0,0
29445,56.5,56.48,-0.020000000000003126,0,0
29446,56.44,56.43,-0.00999999999999801,0,0
29447,55.52,55.43,-0.09000000000000341,0,0
29448,52.63,82.38,29.749999999999993,1,0
29449,56.61,56.61,0.0,0,0
29450,53.97,53.57,-0.3999999999999986,0,0
29451,55.66,55.58,-0.0799999999999983,0,0
29452,55.78,55.71,-0.07000000000000028,0,0
29453,55.15,55.0,-0.14999999999999858,0,0
29454,56.7,56.69,-0.010000000000005116,0,0
29455,56.7,56.69,-0.010000000000005116,0,0
29456,56.38,56.36,-0.020000000000003126,0,0
29457,53.84,53.41,-0.4300000000000068,0,0
29458,56.04,56.0,-0.03999999999999915,0,0
29459,55.88,55.82,-0.060000000000002274,0,0
29460,0.0,0.0,0.0,0,0
29461,0.0,0.0,0.0,0,0
29462,0.0,0.0,0.0,0,0
29463,56.79,56.78,-0.00999999999999801,0,0
29464,56.83,56.82,-0.00999999999999801,0,0
29465,56.58,56.57,-0.00999999999999801,0,0
29466,45.07,0.0,-45.07,0,0
29467,50.55,48.57,-1.9799999999999969,0,0
29468,56.38,56.36,-0.020000000000003126,0,0
29469,56.61,87.31,30.700000000000003,1,0
29470,56.64,56.64,0.0,0,0
29471,49.94,47.51,-2.4299999999999997,0,0
29472,56.84,56.83,-0.010000000000005116,0,0
29473,56.61,56.61,0.0,0,0
29474,56.54,56.53,-0.00999999999999801,0,0
29475,48.9,45.56,-3.3399999999999963,0,0
29476,56.61,56.61,0.0,0,0
29478,57.11,57.11,0.0,0,0
29479,56.17,56.13,-0.03999999999999915,0,0
29480,30.05,30.05,0.0,0,0
29481,56.38,56.36,-0.020000000000003126,0,0
29482,72.47,32.69,-39.78,0,0
29483,56.74,56.73,-0.010000000000005116,0,0
29484,80.27,79.12,-1.1499999999999915,0,0
29485,74.71,32.14,-42.56999999999999,0,0
29486,56.67,56.67,0.0,0,0
29487,56.5,56.48,-0.020000000000003126,0,0
29488,56.72,56.71,-0.00999999999999801,0,0
29489,56.5,56.48,-0.020000000000003126,0,0
29490,55.52,55.43,-0.09000000000000341,0,0
29491,53.41,52.86,-0.5499999999999972,0,0
29492,87.32,88.33,1.0100000000000051,1,0
29495,55.36,55.24,-0.11999999999999744,0,0
29496,87.6,87.6,0.0,0,0
29497,56.93,56.93,0.0,0,0
29498,56.86,56.86,0.0,0,0
29499,55.52,55.43,-0.09000000000000341,0,0
29500,56.95,56.95,0.0,0,0
29501,48.74,45.24,-3.5,0,0
29502,54.54,54.28,-0.259999999999998,0,0
29503,56.8,56.8,0.0,0,0
29504,56.64,56.64,0.0,0,0
29505,0.0,0.0,0.0,0,0
29506,44.35,0.0,-44.35,0,0
29507,44.15,0.0,-44.15,0,0
29508,40.66,0.0,-40.66,0,0
29514,52.86,52.1,-0.759999999999998,0,0
29515,52.86,52.1,-0.759999999999998,0,0
29516,86.88,86.86,-0.01999999999999602,0,0
29517,87.12,87.12,0.0,0,0
29518,86.46,86.11,-0.3499999999999943,0,0
29520,46.43,0.0,-46.43,0,0
29521,54.08,53.71,-0.36999999999999744,0,0
29522,52.63,51.78,-0.8500000000000014,0,0
29523,53.41,52.86,-0.5499999999999972,0,0
29524,42.1,0.0,-42.1,0,0
29525,51.43,50.0,-1.4299999999999997,0,0
29526,49.2,46.15,-3.0500000000000043,0,0
29527,53.25,52.63,-0.6199999999999974,0,0
29528,57.04,57.04,0.0,0,0
29529,54.28,53.97,-0.3100000000000023,0,0
29530,52.38,51.43,-0.9500000000000028,0,0
29531,45.07,30.03,-15.04,0,0
29532,48.9,45.56,-3.3399999999999963,0,0
29533,42.61,0.0,-42.61,0,0
29534,44.54,0.0,-44.54,0,0
29535,44.72,0.0,-44.72,0,0
29536,43.54,0.0,-43.54,0,0
29537,45.4,0.0,-45.4,0,0
29538,44.54,0.0,-44.54,0,0
29539,51.02,49.35,-1.6700000000000017,0,0
29540,54.18,53.84,-0.3399999999999963,0,0
29541,51.43,50.0,-1.4299999999999997,0,0
29542,49.81,47.29,-2.520000000000003,0,0
29543,0.0,0.0,0.0,0,0
29544,47.29,42.1,-5.189999999999998,0,0
29545,40.33,0.0,-40.33,0,0
29546,40.33,0.0,-40.33,0,0
29547,52.1,51.02,-1.0799999999999983,0,0
29548,51.78,50.55,-1.230000000000004,0,0
29549,48.12,43.96,-4.159999999999997,0,0
29550,48.98,45.71,-3.269999999999996,0,0
29551,49.2,46.15,-3.0500000000000043,0,0
29552,51.43,50.0,-1.4299999999999997,0,0
29553,50.0,47.62,-2.3800000000000026,0,0
29554,49.69,47.06,-2.6299999999999955,0,0
29555,0.0,0.0,0.0,0,0
29556,46.69,40.66,-6.030000000000001,0,0
29557,54.46,54.18,-0.28000000000000114,0,0
29558,53.84,53.41,-0.4300000000000068,0,0
29559,53.25,52.63,-0.6199999999999974,0,0
29560,40.33,0.0,-40.33,0,0
29561,57.02,57.02,0.0,0,0
29562,53.71,53.25,-0.46000000000000085,0,0
29563,52.86,52.1,-0.759999999999998,0,0
29564,55.0,54.82,-0.17999999999999972,0,0
29565,45.4,30.57,-14.829999999999998,0,0
29566,90.0,90.63,0.6299999999999955,1,0
29567,53.71,53.25,-0.46000000000000085,0,0
29568,54.28,53.97,-0.3100000000000023,0,0
29569,51.43,50.0,-1.4299999999999997,0,0
29570,50.44,48.4,-2.039999999999999,0,0
29571,53.84,53.41,-0.4300000000000068,0,0
29572,51.43,50.0,-1.4299999999999997,0,0
29573,53.71,53.25,-0.46000000000000085,0,0
29574,48.74,45.24,-3.5,0,0
29575,0.0,0.0,0.0,0,0
29576,0.0,0.0,0.0,0,0
29578,75.41,75.41,0.0,0,0
29579,72.27,72.27,0.0,0,0
29580,0.0,0.0,0.0,0,0
29581,76.34,76.34,0.0,0,0
29582,0.0,0.0,0.0,0,0
29583,0.0,0.0,0.0,0,0
29584,73.4,30.08,-43.32000000000001,0,0
29585,50.06,47.72,-2.3400000000000034,0,0
29586,50.55,48.57,-1.9799999999999969,0,0
29587,0.0,0.0,0.0,0,0
29588,56.61,56.61,0.0,0,0
29589,0.0,0.0,0.0,0,0
29590,53.06,52.38,-0.6799999999999997,0,0
29591,0.0,0.0,0.0,0,0
29592,53.97,53.57,-0.3999999999999986,0,0
29593,55.66,55.58,-0.0799999999999983,0,0
29594,56.22,56.19,-0.030000000000001137,0,0
29595,55.36,55.24,-0.11999999999999744,0,0
29596,55.66,55.58,-0.0799999999999983,0,0
29597,54.62,54.38,-0.23999999999999488,0,0
29598,53.97,53.57,-0.3999999999999986,0,0
29599,55.15,55.0,-0.14999999999999858,0,0
29616,55.66,55.58,-0.0799999999999983,0,0
29619,43.96,0.0,-43.96,0,0
29620,57.07,57.07,0.0,0,0
29621,56.79,56.78,-0.00999999999999801,0,0
29622,56.88,56.87,-0.010000000000005116,0,0
29623,55.52,55.43,-0.09000000000000341,0,0
29632,56.74,56.73,-0.010000000000005116,0,0
29633,56.7,56.69,-0.010000000000005116,0,0
29634,56.04,56.0,-0.03999999999999915,0,0
29635,55.78,55.71,-0.07000000000000028,0,0
29636,55.66,55.58,-0.0799999999999983,0,0
29637,49.56,46.81,-2.75,0,0
29638,46.81,40.97,-5.840000000000003,0,0
29639,48.65,45.07,-3.5799999999999983,0,0
29640,54.46,54.18,-0.28000000000000114,0,0
29641,55.15,55.0,-0.14999999999999858,0,0
29642,53.41,52.86,-0.5499999999999972,0,0
29643,55.15,55.0,-0.14999999999999858,0,0
29644,52.38,51.43,-0.9500000000000028,0,0
29645,55.36,55.24,-0.11999999999999744,0,0
29646,47.62,42.85,-4.769999999999996,0,0
29647,52.38,51.43,-0.9500000000000028,0,0
29648,48.9,45.56,-3.3399999999999963,0,0
29649,53.97,53.57,-0.3999999999999986,0,0
29650,50.34,48.21,-2.1300000000000026,0,0
29651,44.9,0.0,-44.9,0,0
29652,44.54,0.0,-44.54,0,0
29653,52.63,51.78,-0.8500000000000014,0,0
29654,54.08,53.71,-0.36999999999999744,0,0
29655,0.0,0.0,0.0,0,0
29656,55.36,55.24,-0.11999999999999744,0,0
29657,52.38,51.43,-0.9500000000000028,0,0
29658,55.88,55.82,-0.060000000000002274,0,0
29659,53.06,52.38,-0.6799999999999997,0,0
29660,46.56,40.33,-6.230000000000004,0,0
29661,52.38,51.43,-0.9500000000000028,0,0
29662,51.02,49.35,-1.6700000000000017,0,0
29663,50.55,48.57,-1.9799999999999969,0,0
29664,52.1,51.02,-1.0799999999999983,0,0
29665,40.66,0.0,-40.66,0,0
29666,40.33,30.2,-10.129999999999999,0,0
29667,56.92,56.92,0.0,0,0
29673,0.0,0.0,0.0,0,0
29674,47.51,42.61,-4.899999999999999,0,0
29675,56.11,56.07,-0.03999999999999915,0,0
29676,0.0,0.0,0.0,0,0
29677,55.78,55.71,-0.07000000000000028,0,0
29678,55.97,55.92,-0.04999999999999716,0,0
29679,54.76,54.54,-0.21999999999999886,0,0
29704,0.0,0.0,0.0,0,0
29705,54.62,54.38,-0.23999999999999488,0,0
29706,0.0,0.0,0.0,0,0
29707,47.92,43.54,-4.380000000000003,0,0
29708,0.0,0.0,0.0,0,0
29709,51.02,49.35,-1.6700000000000017,0,0
29710,41.83,0.0,-41.83,0,0
29711,56.7,56.69,-0.010000000000005116,0,0
29712,51.78,50.55,-1.230000000000004,0,0
29713,49.62,46.94,-2.6799999999999997,0,0
29714,44.35,0.0,-44.35,0,0
29715,55.1,54.94,-0.1600000000000037,0,0
29716,54.54,54.28,-0.259999999999998,0,0
29717,52.86,52.1,-0.759999999999998,0,0
29718,52.86,52.1,-0.759999999999998,0,0
29719,49.88,47.4,-2.480000000000004,0,0
29720,49.28,46.29,-2.990000000000002,0,0
29721,55.52,55.43,-0.09000000000000341,0,0
29722,0.0,0.0,0.0,0,0
29723,0.0,0.0,0.0,0,0
29724,45.56,0.0,-45.56,0,0
29725,55.15,55.0,-0.14999999999999858,0,0
29726,49.2,76.67,27.47,1,0
29727,53.41,52.86,-0.5499999999999972,0,0
29728,45.07,0.0,-45.07,0,0
29729,51.43,50.0,-1.4299999999999997,0,0
29730,54.88,54.69,-0.19000000000000483,0,0
29739,48.48,44.72,-3.759999999999998,0,0
29743,57.05,57.05,0.0,0,0
29747,54.18,53.84,-0.3399999999999963,0,0
29748,49.69,47.06,-2.6299999999999955,0,0
29749,53.84,53.41,-0.4300000000000068,0,0
29754,49.06,45.86,-3.200000000000003,0,0
29755,55.52,55.43,-0.09000000000000341,0,0
29756,50.23,48.02,-2.2099999999999937,0,0
29757,47.29,42.1,-5.189999999999998,0,0
29758,55.36,55.24,-0.11999999999999744,0,0
29759,45.56,0.0,-45.56,0,0
29760,54.38,54.08,-0.30000000000000426,0,0
29761,47.51,42.61,-4.899999999999999,0,0
29762,51.02,49.35,-1.6700000000000017,0,0
29764,47.62,42.85,-4.769999999999996,0,0
29765,53.41,52.86,-0.5499999999999972,0,0
29766,53.41,52.86,-0.5499999999999972,0,0
29767,55.05,54.88,-0.1699999999999946,0,0
29768,0.0,0.0,0.0,0,0
29776,56.5,56.48,-0.020000000000003126,0,0
29777,51.02,49.35,-1.6700000000000017,0,0
29778,56.7,56.69,-0.010000000000005116,0,0
29779,56.77,56.77,0.0,0,0
29780,54.46,54.18,-0.28000000000000114,0,0
29781,44.54,0.0,-44.54,0,0
29784,56.88,56.88,0.0,0,0
29785,55.78,55.71,-0.07000000000000028,0,0
29787,50.23,48.02,-2.2099999999999937,0,0
29788,53.84,53.41,-0.4300000000000068,0,0
29789,56.79,56.78,-0.00999999999999801,0,0
29790,55.66,55.58,-0.0799999999999983,0,0
29791,50.55,48.57,-1.9799999999999969,0,0
29792,56.95,56.95,0.0,0,0
29793,56.97,56.97,0.0,0,0
29802,56.86,56.86,0.0,0,0
29803,56.95,56.95,0.0,0,0
29818,56.82,56.81,-0.00999999999999801,0,0
29819,56.74,56.73,-0.010000000000005116,0,0
29820,56.95,56.95,0.0,0,0
29821,56.5,56.48,-0.020000000000003126,0,0
29822,56.92,56.91,-0.010000000000005116,0,0
29823,55.15,55.0,-0.14999999999999858,0,0
29824,54.46,54.18,-0.28000000000000114,0,0
29825,56.22,56.19,-0.030000000000001137,0,0
29826,55.52,55.43,-0.09000000000000341,0,0
29827,56.27,56.24,-0.030000000000001137,0,0
29828,56.44,56.43,-0.00999999999999801,0,0
29829,88.47,88.47,0.0,0,0
29830,55.36,55.24,-0.11999999999999744,0,0
29831,56.95,56.95,0.0,0,0
29832,56.77,56.77,0.0,0,0
29833,56.04,56.0,-0.03999999999999915,0,0
29834,56.91,56.9,-0.00999999999999801,0,0
29835,54.54,54.28,-0.259999999999998,0,0
29842,56.93,56.93,0.0,0,0
29843,87.7,87.69,-0.010000000000005116,0,0
29844,87.95,87.9,-0.04999999999999716,0,0
29847,0.0,30.98,30.98,1,1
29848,82.64,80.97,-1.6700000000000017,0,0
29849,84.99,84.56,-0.4299999999999926,0,0
29850,87.46,87.35,-0.10999999999999943,0,0
29851,70.76,70.76,0.0,0,0
29852,72.63,72.63,0.0,0,0
29853,85.97,85.88,-0.09000000000000341,0,0
29854,0.0,0.0,0.0,0,0
29855,54.76,54.54,-0.21999999999999886,0,0
29860,56.17,56.13,-0.03999999999999915,0,0
29861,48.9,45.56,-3.3399999999999963,0,0
29862,56.44,56.43,-0.00999999999999801,0,0
29863,55.88,55.82,-0.060000000000002274,0,0
29864,56.27,56.24,-0.030000000000001137,0,0
29865,56.61,56.61,0.0,0,0
29866,56.89,56.89,0.0,0,0
29867,56.9,56.9,0.0,0,0
29868,86.86,86.85,-0.010000000000005116,0,0
29869,55.78,55.71,-0.07000000000000028,0,0
29876,51.43,50.0,-1.4299999999999997,0,0
29877,56.54,56.53,-0.00999999999999801,0,0
29878,55.66,55.58,-0.0799999999999983,0,0
29879,0.0,0.0,0.0,0,0
29880,0.0,0.0,0.0,0,0
29881,47.4,42.36,-5.039999999999999,0,0
29882,56.04,56.0,-0.03999999999999915,0,0
29883,55.97,55.92,-0.04999999999999716,0,0
29884,54.94,54.76,-0.17999999999999972,0,0
29885,51.78,50.55,-1.230000000000004,0,0
29886,89.15,89.15,0.0,0,0
29890,55.88,55.82,-0.060000000000002274,0,0
29891,56.82,56.81,-0.00999999999999801,0,0
29892,56.91,56.9,-0.00999999999999801,0,0
29893,57.1,57.1,0.0,0,0
29894,56.38,56.36,-0.020000000000003126,0,0
29895,57.02,57.02,0.0,0,0
29896,56.9,56.9,0.0,0,0
29897,56.67,56.67,0.0,0,0
29898,54.94,54.76,-0.17999999999999972,0,0
29905,57.07,57.07,0.0,0,0
29906,54.54,54.28,-0.259999999999998,0,0
29907,56.95,56.95,0.0,0,0
29908,56.9,86.95,30.050000000000004,1,0
29924,40.66,0.0,-40.66,0,0
29925,0.0,0.0,0.0,0,0
29926,42.1,0.0,-42.1,0,0
29927,45.07,0.0,-45.07,0,0
29928,44.54,0.0,-44.54,0,0
29929,74.37,31.19,-43.18000000000001,0,0
29930,41.27,0.0,-41.27,0,0
29931,49.75,47.17,-2.5799999999999983,0,0
29932,43.09,30.33,-12.760000000000005,0,0
29933,49.42,46.56,-2.8599999999999994,0,0
29934,48.74,45.24,-3.5,0,0
29935,55.05,54.88,-0.1699999999999946,0,0
29936,44.72,0.0,-44.72,0,0
29937,44.9,30.23,-14.669999999999998,0,0
29938,56.17,56.13,-0.03999999999999915,0,0
29939,43.09,0.0,-43.09,0,0
29940,46.43,0.0,-46.43,0,0
29941,44.15,0.0,-44.15,0,0
29942,45.71,0.0,-45.71,0,0
29943,75.3,31.36,-43.94,0,0
29944,53.97,53.57,-0.3999999999999986,0,0
29950,43.54,0.0,-43.54,0,0
29951,50.23,48.02,-2.2099999999999937,0,0
29952,55.15,55.0,-0.14999999999999858,0,0
29953,52.86,52.1,-0.759999999999998,0,0
29954,48.3,44.35,-3.9499999999999957,0,0
29955,54.46,54.18,-0.28000000000000114,0,0
29956,48.82,45.4,-3.4200000000000017,0,0
29957,52.38,51.43,-0.9500000000000028,0,0
29958,56.22,56.19,-0.030000000000001137,0,0
29959,43.54,0.0,-43.54,0,0
29960,56.38,56.36,-0.020000000000003126,0,0
29961,49.81,47.29,-2.520000000000003,0,0
29962,56.44,56.43,-0.00999999999999801,0,0
29963,0.0,0.0,0.0,0,0
29964,42.61,0.0,-42.61,0,0
29965,53.25,52.63,-0.6199999999999974,0,0
29966,56.97,56.97,0.0,0,0
29967,52.63,51.78,-0.8500000000000014,0,0
29968,52.63,51.78,-0.8500000000000014,0,0
29969,49.35,46.43,-2.9200000000000017,0,0
29970,56.31,56.28,-0.030000000000001137,0,0
29971,50.39,48.3,-2.0900000000000034,0,0
29972,56.99,56.98,-0.010000000000005116,0,0
29973,55.52,55.43,-0.09000000000000341,0,0
29974,55.15,55.0,-0.14999999999999858,0,0
29975,51.02,49.35,-1.6700000000000017,0,0
29976,0.0,30.47,30.47,1,1
29979,56.11,56.07,-0.03999999999999915,0,0
29980,0.0,70.76,70.76,1,1
29982,54.28,53.97,-0.3100000000000023,0,0
29983,49.28,46.29,-2.990000000000002,0,0
29984,0.0,0.0,0.0,0,0
29985,47.06,41.56,-5.5,0,0
29986,57.03,57.03,0.0,0,0
29989,56.72,56.71,-0.00999999999999801,0,0
29990,56.17,56.13,-0.03999999999999915,0,0
29993,56.87,56.86,-0.00999999999999801,0,0
29994,43.32,0.0,-43.32,0,0
29995,55.36,55.24,-0.11999999999999744,0,0
29996,56.92,56.92,0.0,0,0
29997,56.93,56.93,0.0,0,0
29998,56.88,56.88,0.0,0,0
29999,56.5,56.48,-0.020000000000003126,0,0
30000,51.43,50.0,-1.4299999999999997,0,0
30001,52.1,51.02,-1.0799999999999983,0,0
30002,54.46,54.18,-0.28000000000000114,0,0
30003,42.36,0.0,-42.36,0,0
30004,56.11,56.07,-0.03999999999999915,0,0
30005,56.86,56.86,0.0,0,0
30006,56.95,56.95,0.0,0,0
30007,54.28,53.97,-0.3100000000000023,0,0
30008,56.76,56.75,-0.00999999999999801,0,0
30009,54.18,53.84,-0.3399999999999963,0,0
30010,49.13,46.01,-3.1200000000000045,0,0
30011,56.54,56.53,-0.00999999999999801,0,0
30012,54.38,54.08,-0.30000000000000426,0,0
30013,54.76,54.54,-0.21999999999999886,0,0
30014,43.96,0.0,-43.96,0,0
30015,0.0,0.0,0.0,0,0
30016,41.83,0.0,-41.83,0,0
30017,46.94,41.27,-5.669999999999995,0,0
30026,43.54,0.0,-43.54,0,0
30029,56.27,56.24,-0.030000000000001137,0,0
30030,40.97,0.0,-40.97,0,0
30031,42.36,0.0,-42.36,0,0
30032,52.1,51.02,-1.0799999999999983,0,0
30033,54.18,53.84,-0.3399999999999963,0,0
30034,56.22,56.19,-0.030000000000001137,0,0
30035,54.28,53.97,-0.3100000000000023,0,0
30036,56.04,56.0,-0.03999999999999915,0,0
30037,56.97,56.97,0.0,0,0
30038,55.88,55.82,-0.060000000000002274,0,0
30039,56.72,56.71,-0.00999999999999801,0,0
30040,56.58,56.57,-0.00999999999999801,0,0
30041,56.67,56.67,0.0,0,0
30042,56.99,56.98,-0.010000000000005116,0,0
30043,56.88,56.88,0.0,0,0
30044,57.01,57.01,0.0,0,0
30045,57.01,57.01,0.0,0,0
30046,56.44,56.43,-0.00999999999999801,0,0
30047,56.5,56.48,-0.020000000000003126,0,0
30048,56.61,56.61,0.0,0,0
30049,56.92,56.92,0.0,0,0
30050,56.38,56.36,-0.020000000000003126,0,0
30051,56.44,56.43,-0.00999999999999801,0,0
30061,0.0,30.64,30.64,1,1
30062,0.0,0.0,0.0,0,0
30063,56.27,56.24,-0.030000000000001137,0,0
30064,52.1,51.02,-1.0799999999999983,0,0
30071,54.08,53.71,-0.36999999999999744,0,0
30072,50.55,48.57,-1.9799999999999969,0,0
30073,54.69,54.46,-0.22999999999999687,0,0
31057,54.54,54.28,-0.259999999999998,0,0
